ch_id,user_id,date,customer_id
1,13.0,1987-09-10,1.0
2,13.0,1987-09-10,1.0
4,13.0,1987-09-10,1.0
7,102.0,2018-08-06,127.0
10,33.0,2018-08-05,126.0
13,33.0,2018-08-08,149.0
14,102.0,2018-08-10,159.0
15,102.0,2018-08-11,166.0
16,102.0,2018-08-11,165.0
17,102.0,2018-08-11,164.0
18,102.0,2018-08-11,167.0
19,102.0,2018-08-11,169.0
20,102.0,2018-08-11,170.0
21,102.0,2018-08-11,171.0
22,102.0,2018-08-11,168.0
23,102.0,2018-08-12,178.0
24,102.0,2018-08-12,177.0
25,102.0,2018-08-12,179.0
26,102.0,2018-08-12,180.0
27,102.0,2018-08-13,181.0
28,102.0,2018-08-13,184.0
29,102.0,2018-08-13,182.0
30,102.0,2018-08-13,187.0
31,102.0,2018-08-13,186.0
32,102.0,2018-08-13,185.0
33,102.0,2018-08-13,183.0
34,102.0,2018-08-16,191.0
35,102.0,2018-08-16,190.0
36,102.0,2018-08-16,189.0
37,102.0,2018-08-16,197.0
38,102.0,2018-08-17,198.0
39,102.0,2018-08-17,199.0
41,102.0,2018-08-17,200.0
42,102.0,2018-08-17,202.0
43,102.0,2018-08-18,203.0
44,102.0,2018-08-18,204.0
45,102.0,2018-08-18,205.0
46,102.0,2018-08-18,206.0
47,102.0,2018-08-19,209.0
48,102.0,2018-08-19,211.0
49,102.0,2018-08-19,213.0
50,102.0,2018-08-20,214.0
51,102.0,2018-08-22,216.0
52,102.0,2018-08-22,215.0
53,102.0,2018-08-22,217.0
54,102.0,2018-08-22,218.0
55,102.0,2018-08-23,220.0
56,33.0,2018-08-24,230.0
57,33.0,2018-08-24,231.0
58,102.0,2018-08-24,223.0
59,102.0,2018-08-24,228.0
60,102.0,2018-08-24,222.0
61,102.0,2018-08-25,243.0
62,102.0,2018-08-25,242.0
63,102.0,2018-08-25,241.0
64,102.0,2018-08-27,253.0
65,102.0,2018-08-27,256.0
67,102.0,2018-08-30,259.0
68,102.0,2018-08-30,266.0
69,102.0,2018-09-01,272.0
70,102.0,2018-09-02,278.0
71,102.0,2018-09-02,162.0
72,102.0,2018-09-02,283.0
73,102.0,2018-09-02,179.0
74,102.0,2018-09-02,279.0
75,102.0,2018-09-02,281.0
76,102.0,2018-09-02,282.0
77,102.0,2018-09-03,171.0
78,102.0,2018-09-03,284.0
81,102.0,2018-09-03,287.0
82,102.0,2018-09-02,288.0
83,102.0,2018-09-03,190.0
84,102.0,2018-09-03,173.0
85,33.0,2018-09-03,140.0
86,33.0,2018-09-03,286.0
87,33.0,2018-09-03,4110.0
89,102.0,2018-09-02,280.0
90,102.0,2018-09-01,277.0
91,102.0,2018-09-01,276.0
92,102.0,2018-09-01,275.0
93,102.0,2018-09-01,274.0
94,102.0,2018-09-01,273.0
95,102.0,2018-09-01,271.0
96,102.0,2018-08-31,269.0
97,102.0,2018-08-30,268.0
98,102.0,2018-08-30,267.0
99,102.0,2018-08-24,258.0
100,102.0,2018-08-29,258.0
101,102.0,2018-08-27,257.0
102,102.0,2018-08-27,255.0
103,102.0,2018-08-27,254.0
104,102.0,2018-08-27,252.0
105,102.0,2018-08-26,250.0
118,102.0,2018-09-05,259.0
119,102.0,2018-09-05,289.0
120,102.0,2018-09-05,290.0
121,102.0,2018-09-05,291.0
122,102.0,2018-09-05,293.0
125,102.0,2018-09-05,181.0
127,33.0,2018-09-05,125.0
128,102.0,2018-09-05,294.0
132,33.0,2018-09-05,1194.0
133,102.0,2018-09-06,135.0
134,102.0,2018-09-06,299.0
135,102.0,2018-09-06,297.0
136,102.0,2018-09-06,298.0
137,102.0,2018-09-06,301.0
138,102.0,2018-09-06,300.0
139,102.0,2018-09-06,175.0
140,102.0,2018-09-07,302.0
141,102.0,2018-09-07,303.0
142,102.0,2018-09-07,304.0
143,102.0,2018-09-07,292.0
144,102.0,2018-09-08,212.0
145,102.0,2018-09-08,204.0
146,102.0,2018-09-08,305.0
147,102.0,2018-09-08,306.0
148,102.0,2018-09-08,307.0
149,102.0,2018-09-09,172.0
150,102.0,2018-09-09,308.0
151,102.0,2018-09-09,309.0
152,102.0,2018-09-10,311.0
153,102.0,2018-09-10,312.0
154,102.0,2018-09-10,165.0
155,102.0,2018-09-10,313.0
156,33.0,2018-09-10,344.0
161,,,
163,33.0,2018-09-11,344.0
165,102.0,2018-09-12,315.0
166,102.0,2018-09-12,316.0
168,102.0,2018-09-12,211.0
169,102.0,2018-09-12,223.0
170,102.0,2018-09-12,317.0
171,102.0,2018-09-12,319.0
172,102.0,2018-09-12,318.0
173,102.0,2018-09-13,294.0
174,102.0,2018-09-13,259.0
175,102.0,2018-09-13,320.0
176,102.0,2018-09-13,321.0
178,102.0,2018-09-13,210.0
179,102.0,2018-09-13,322.0
180,102.0,2018-09-13,323.0
181,102.0,2018-09-14,137.0
182,102.0,2018-09-14,324.0
183,102.0,2018-09-14,327.0
184,102.0,2018-09-14,326.0
185,102.0,2018-09-14,325.0
186,102.0,2018-09-14,244.0
187,33.0,2018-09-15,1194.0
189,33.0,2018-09-15,140.0
190,102.0,2018-09-15,209.0
191,102.0,2018-09-15,203.0
192,102.0,2018-09-15,180.0
193,102.0,2018-09-15,332.0
194,102.0,2018-09-17,337.0
195,33.0,2018-09-17,344.0
196,33.0,2018-09-17,140.0
197,33.0,2018-09-18,125.0
198,33.0,2018-09-18,4110.0
199,33.0,2018-09-18,188.0
200,33.0,2018-09-18,4110.0
201,33.0,2018-09-18,143.0
202,33.0,2018-09-18,286.0
203,33.0,2018-09-18,126.0
204,33.0,2018-09-19,352.0
205,33.0,2018-09-20,352.0
206,33.0,2018-09-20,347.0
207,33.0,2018-09-20,356.0
208,33.0,2018-09-20,357.0
209,33.0,2018-09-20,353.0
210,102.0,2018-09-16,333.0
211,102.0,2018-09-16,334.0
212,102.0,2018-09-16,336.0
213,102.0,2018-09-21,1064.0
214,102.0,2018-09-20,365.0
215,102.0,2018-09-19,342.0
216,102.0,2018-09-20,254.0
217,102.0,2018-09-20,165.0
218,102.0,2018-09-20,213.0
219,102.0,2018-09-17,169.0
220,102.0,2018-09-17,341.0
221,102.0,2018-09-17,189.0
222,102.0,2018-09-21,159.0
223,33.0,2018-09-21,355.0
224,33.0,2018-09-21,125.0
225,33.0,2018-09-21,351.0
226,102.0,2018-09-21,228.0
227,102.0,2018-09-21,1065.0
228,102.0,2018-09-21,1089.0
229,102.0,2018-09-22,1094.0
230,102.0,2018-09-22,1095.0
231,102.0,2018-09-22,1096.0
232,102.0,2018-09-22,1097.0
233,102.0,2018-09-23,1098.0
234,102.0,2018-09-23,1099.0
235,102.0,2018-09-23,313.0
236,102.0,2018-09-23,1100.0
237,102.0,2018-09-23,1101.0
238,102.0,2018-09-23,179.0
239,102.0,2018-09-24,332.0
240,102.0,2018-09-24,1102.0
241,102.0,2018-09-24,244.0
242,102.0,2018-09-24,1095.0
243,102.0,2018-09-24,207.0
244,102.0,2018-09-26,1103.0
245,102.0,2018-09-26,178.0
246,102.0,2018-09-26,321.0
247,102.0,2018-09-26,1104.0
248,102.0,2018-09-26,233.0
249,102.0,2018-09-27,253.0
250,102.0,2018-09-27,1105.0
251,102.0,2018-09-27,267.0
252,102.0,2018-09-27,1106.0
253,102.0,2018-09-27,1108.0
254,102.0,2018-09-27,1107.0
255,102.0,2018-09-27,223.0
256,102.0,2018-09-27,336.0
257,33.0,2018-09-27,1093.0
258,102.0,2018-09-28,252.0
259,33.0,2018-09-28,1093.0
260,33.0,2018-09-28,4110.0
261,102.0,2018-09-28,162.0
262,102.0,2018-09-28,1111.0
263,102.0,2018-09-28,1112.0
264,102.0,2018-09-28,1110.0
265,33.0,2018-09-28,1109.0
266,33.0,2018-09-28,1113.0
267,102.0,2018-09-28,269.0
268,102.0,2018-09-28,266.0
269,33.0,2018-09-28,1090.0
270,33.0,2018-09-29,1114.0
272,102.0,2018-09-29,212.0
273,102.0,2018-09-29,241.0
274,102.0,2018-09-29,290.0
275,102.0,2018-09-29,175.0
276,102.0,2018-09-29,247.0
277,102.0,2018-09-29,309.0
278,102.0,2018-09-30,197.0
279,102.0,2018-09-30,204.0
280,102.0,2018-09-30,1119.0
281,102.0,2018-10-01,1105.0
282,102.0,2018-10-01,1120.0
283,102.0,2018-10-01,1121.0
284,102.0,2018-10-01,173.0
285,102.0,2018-10-03,284.0
286,102.0,2018-10-03,1122.0
287,102.0,2018-10-03,267.0
288,102.0,2018-10-03,324.0
289,102.0,2018-10-03,190.0
290,33.0,2018-10-03,356.0
291,102.0,2018-10-03,1123.0
292,102.0,2018-10-03,1125.0
293,102.0,2018-10-03,1124.0
294,102.0,2018-10-04,287.0
295,102.0,2018-10-04,1126.0
296,102.0,2018-10-04,1127.0
297,102.0,2018-10-04,1128.0
298,102.0,2018-10-04,202.0
299,102.0,2018-10-04,1130.0
300,102.0,2018-10-04,305.0
301,102.0,2018-10-04,210.0
302,102.0,2018-10-04,1129.0
303,102.0,2018-10-04,244.0
304,102.0,2018-10-05,316.0
305,102.0,2018-10-05,222.0
306,102.0,2018-10-05,243.0
307,102.0,2018-10-05,228.0
308,102.0,2018-10-06,310.0
310,102.0,2018-10-06,242.0
311,102.0,2018-10-06,332.0
312,102.0,2018-10-06,1132.0
313,102.0,2018-10-06,1133.0
314,102.0,2018-10-06,1134.0
315,102.0,2018-10-06,1135.0
316,102.0,2018-10-06,319.0
317,102.0,2018-10-07,172.0
318,102.0,2018-10-07,294.0
319,102.0,2018-10-07,189.0
320,102.0,2018-10-07,1097.0
321,102.0,2018-10-07,246.0
322,102.0,2018-10-07,258.0
323,102.0,2018-10-08,1136.0
324,102.0,2018-10-08,341.0
325,102.0,2018-10-08,303.0
326,102.0,2018-10-08,1138.0
327,33.0,2018-10-08,354.0
328,33.0,2018-10-08,1194.0
329,33.0,2018-10-08,357.0
330,102.0,2018-10-08,283.0
331,33.0,2018-10-08,4110.0
332,102.0,2018-10-08,1139.0
333,102.0,2018-10-08,1140.0
334,33.0,2018-10-08,346.0
335,33.0,2018-10-08,125.0
336,33.0,2018-10-08,1090.0
337,102.0,2018-10-09,1141.0
338,102.0,2018-10-09,304.0
339,33.0,2018-10-09,350.0
340,33.0,2018-10-09,344.0
341,102.0,2018-10-10,211.0
342,102.0,2018-10-10,222.0
343,102.0,2018-10-10,1143.0
344,33.0,2018-10-10,346.0
345,33.0,2018-10-09,4110.0
346,33.0,2018-10-10,350.0
347,33.0,2018-10-10,344.0
348,33.0,2018-10-10,1090.0
349,33.0,2018-10-10,1109.0
350,33.0,2018-10-10,1116.0
351,33.0,2018-10-10,343.0
352,33.0,2018-10-10,345.0
353,33.0,2018-10-10,348.0
354,102.0,2018-10-10,1144.0
355,33.0,2018-10-10,1093.0
356,33.0,2018-10-10,349.0
357,102.0,2018-10-10,180.0
358,33.0,2018-10-10,1131.0
359,33.0,2018-10-10,357.0
360,102.0,2018-10-11,137.0
361,102.0,2018-10-11,165.0
362,33.0,2018-10-11,1092.0
363,102.0,2018-10-11,1146.0
364,102.0,2018-10-11,1145.0
365,102.0,2018-10-12,1147.0
366,102.0,2018-10-12,1148.0
367,102.0,2018-10-11,218.0
368,102.0,2018-10-12,1064.0
369,102.0,2018-10-14,308.0
370,102.0,2018-10-14,254.0
371,102.0,2018-10-14,1136.0
372,102.0,2018-10-14,183.0
373,102.0,2018-10-14,1150.0
374,102.0,2018-10-14,1149.0
375,102.0,2018-10-14,317.0
376,102.0,2018-10-14,209.0
377,102.0,2018-10-14,250.0
378,102.0,2018-10-15,203.0
379,102.0,2018-10-15,1122.0
380,102.0,2018-10-15,216.0
381,102.0,2018-10-15,1151.0
382,102.0,2018-10-15,178.0
383,102.0,2018-10-15,1148.0
384,102.0,2018-10-17,1154.0
385,102.0,2018-10-17,1102.0
386,102.0,2018-10-17,229.0
387,102.0,2018-10-17,228.0
388,102.0,2018-10-17,1155.0
389,102.0,2018-10-17,1156.0
390,102.0,2018-10-17,318.0
391,102.0,2018-10-18,1134.0
392,102.0,2018-10-18,342.0
393,102.0,2018-10-18,1094.0
394,102.0,2018-10-18,1158.0
395,102.0,2018-10-18,1159.0
396,102.0,2018-10-19,159.0
397,102.0,2018-10-19,255.0
398,102.0,2018-10-19,252.0
399,102.0,2018-10-19,1160.0
400,102.0,2018-10-19,321.0
401,102.0,2018-10-19,269.0
402,102.0,2018-10-19,175.0
403,102.0,2018-10-20,1162.0
404,102.0,2018-10-20,297.0
405,102.0,2018-10-20,212.0
406,102.0,2018-10-20,1161.0
407,102.0,2018-10-20,1163.0
408,102.0,2018-10-20,1166.0
409,102.0,2018-10-20,1165.0
410,102.0,2018-10-20,1164.0
411,102.0,2018-10-20,258.0
412,102.0,2018-10-20,271.0
413,102.0,2018-10-20,216.0
414,102.0,2018-10-20,1168.0
415,102.0,2018-10-20,1169.0
416,102.0,2018-10-20,309.0
417,102.0,2018-10-20,1167.0
418,102.0,2018-10-21,204.0
419,102.0,2018-10-21,246.0
420,102.0,2018-10-21,162.0
421,102.0,2018-10-21,247.0
422,102.0,2018-10-21,162.0
423,102.0,2018-10-21,1170.0
424,102.0,2018-10-21,241.0
425,102.0,2018-10-21,179.0
426,102.0,2018-10-21,244.0
427,102.0,2018-10-22,1133.0
428,102.0,2018-10-22,181.0
429,102.0,2018-10-22,1171.0
430,102.0,2018-10-22,324.0
431,102.0,2018-10-22,1172.0
432,102.0,2018-10-22,176.0
433,102.0,2018-10-24,1103.0
434,102.0,2018-10-24,1173.0
435,102.0,2018-10-24,1108.0
436,102.0,2018-10-24,1174.0
437,102.0,2018-10-24,1175.0
438,102.0,2018-10-24,312.0
439,102.0,2018-10-24,130.0
440,102.0,2018-10-24,233.0
441,102.0,2018-10-25,253.0
442,102.0,2018-10-25,1107.0
443,102.0,2018-10-25,223.0
444,102.0,2018-10-25,1177.0
445,102.0,2018-10-25,1176.0
446,102.0,2018-10-26,212.0
447,102.0,2018-10-26,267.0
448,102.0,2018-10-26,174.0
451,33.0,2018-10-26,344.0
452,102.0,2018-10-26,222.0
453,102.0,2018-10-26,1089.0
454,102.0,2018-10-26,213.0
455,102.0,2018-10-26,1184.0
456,33.0,,1186.0
459,33.0,2018-10-27,4110.0
460,33.0,2018-10-27,4110.0
461,33.0,2018-10-27,1131.0
462,33.0,2018-10-27,1185.0
463,33.0,2018-10-27,125.0
464,33.0,,1183.0
465,33.0,2018-10-27,353.0
466,33.0,2018-10-27,348.0
467,33.0,2018-10-27,4110.0
468,33.0,2018-10-27,4110.0
470,102.0,2018-10-27,1119.0
471,102.0,2018-10-27,1187.0
472,102.0,2018-10-27,1161.0
473,102.0,2018-10-27,242.0
474,102.0,2018-10-27,332.0
475,102.0,2018-10-27,254.0
476,102.0,2018-10-27,1130.0
477,102.0,2018-10-28,1138.0
478,102.0,2018-10-28,1089.0
479,102.0,2018-10-28,310.0
480,102.0,2018-10-28,365.0
481,102.0,2018-10-28,1154.0
482,102.0,2018-10-28,1188.0
483,102.0,2018-10-28,304.0
484,102.0,2018-10-28,1097.0
485,102.0,2018-10-28,1189.0
486,102.0,2018-10-28,165.0
487,33.0,2018-10-29,4110.0
488,33.0,2018-10-29,1191.0
489,33.0,2018-10-29,1092.0
490,33.0,2018-10-29,4110.0
491,33.0,2018-10-29,1192.0
492,33.0,2018-10-30,1197.0
493,33.0,2018-10-30,345.0
494,33.0,2018-10-30,4110.0
495,33.0,2018-10-30,1117.0
496,33.0,2018-10-30,1194.0
497,33.0,2018-10-30,1152.0
498,33.0,2018-10-30,4110.0
499,33.0,2018-10-30,1199.0
500,33.0,2018-10-30,1198.0
501,33.0,2018-10-31,1197.0
502,33.0,2018-10-31,4110.0
503,33.0,2018-10-31,1201.0
504,33.0,2018-10-31,1202.0
505,33.0,2018-10-31,4110.0
506,33.0,2018-10-31,1193.0
507,33.0,2018-10-31,1201.0
508,33.0,2018-10-31,1204.0
509,102.0,2018-11-01,214.0
510,33.0,2018-11-01,4110.0
511,33.0,2018-11-01,1201.0
512,33.0,2018-11-01,1204.0
513,33.0,2018-11-01,1183.0
514,33.0,2018-11-01,141.0
515,102.0,2018-11-01,288.0
516,102.0,2018-11-01,1138.0
517,102.0,2018-11-01,1104.0
518,102.0,2018-11-01,1206.0
519,33.0,2018-11-01,1199.0
520,102.0,2018-11-01,319.0
521,33.0,2018-11-01,4110.0
522,33.0,2018-11-01,1152.0
523,102.0,2018-11-01,207.0
524,102.0,2018-11-01,210.0
525,102.0,2018-11-01,223.0
526,33.0,2018-11-01,1209.0
527,33.0,2018-11-01,1220.0
528,33.0,2018-11-01,1215.0
529,33.0,2018-11-01,1219.0
530,33.0,2018-11-01,1216.0
531,33.0,2018-11-01,1212.0
532,33.0,2018-11-01,1207.0
533,33.0,2018-11-02,1211.0
534,102.0,2018-11-02,287.0
535,102.0,2018-11-02,1239.0
536,33.0,2018-11-02,1238.0
537,102.0,2018-11-02,1241.0
538,102.0,2018-11-02,1236.0
539,102.0,2018-11-02,1240.0
540,102.0,2018-11-02,197.0
541,102.0,2018-11-02,1243.0
542,33.0,2018-11-02,1237.0
543,102.0,2018-11-02,336.0
544,33.0,2018-11-02,1242.0
545,33.0,2018-11-02,1152.0
546,33.0,2018-11-02,1235.0
551,33.0,2018-11-02,4110.0
553,33.0,2018-11-02,1231.0
554,33.0,2018-11-02,1234.0
555,102.0,2018-11-03,1098.0
556,102.0,2018-11-03,316.0
557,102.0,2018-11-03,284.0
559,102.0,2018-11-03,212.0
560,102.0,2018-11-03,283.0
561,102.0,2018-11-03,294.0
562,102.0,2018-11-03,1245.0
563,102.0,2018-11-03,1135.0
564,102.0,2018-11-03,1246.0
565,102.0,2018-11-03,1156.0
566,102.0,2018-11-03,1171.0
567,33.0,2018-11-03,4110.0
568,33.0,2018-11-03,347.0
569,102.0,2018-11-04,209.0
570,102.0,2018-11-04,1248.0
571,102.0,2018-11-04,178.0
572,102.0,2018-11-04,1249.0
573,102.0,2018-11-04,1250.0
574,102.0,2018-11-04,1251.0
575,102.0,2018-11-04,1252.0
576,102.0,2018-11-05,203.0
577,102.0,2018-11-05,1253.0
578,102.0,2018-11-05,1254.0
579,102.0,2018-11-05,312.0
580,102.0,2018-11-05,190.0
581,102.0,2018-11-05,303.0
582,33.0,2018-11-26,1212.0
583,33.0,2018-11-15,4110.0
584,33.0,2018-12-24,1247.0
585,102.0,2018-11-05,173.0
586,102.0,2018-11-05,1122.0
588,102.0,2018-11-05,244.0
589,33.0,2018-11-05,4110.0
590,33.0,2018-11-05,1234.0
591,33.0,2018-11-06,4110.0
592,102.0,2018-11-06,1155.0
593,102.0,2018-11-06,189.0
594,102.0,2018-11-06,1262.0
595,102.0,2018-11-06,269.0
596,102.0,2018-11-06,1263.0
597,102.0,2018-11-06,305.0
598,102.0,2018-11-07,212.0
599,102.0,2018-11-07,1127.0
600,102.0,2018-11-07,1265.0
601,102.0,2018-11-07,211.0
602,102.0,2018-11-07,1266.0
603,102.0,2018-11-07,1166.0
604,102.0,2018-11-07,1064.0
605,102.0,2018-11-07,217.0
606,33.0,2018-11-07,1261.0
607,33.0,2018-11-07,1229.0
608,102.0,2018-11-07,1102.0
609,102.0,2018-11-07,208.0
610,102.0,2018-11-08,246.0
611,102.0,2018-11-08,130.0
612,102.0,2018-11-08,1268.0
613,102.0,2018-11-08,165.0
614,102.0,,1269.0
615,102.0,2018-11-08,1269.0
616,102.0,2018-11-08,243.0
617,102.0,2018-11-09,1270.0
618,102.0,2018-11-09,1271.0
619,102.0,2018-11-10,1273.0
620,102.0,2018-11-10,309.0
621,102.0,2018-11-10,1272.0
622,102.0,2018-11-10,1274.0
623,102.0,2018-11-10,247.0
624,102.0,2018-11-10,271.0
625,102.0,2018-11-10,1275.0
626,102.0,,1276.0
627,102.0,2018-11-10,1276.0
628,102.0,2018-11-10,1156.0
629,102.0,2018-11-12,1278.0
630,102.0,2018-11-12,222.0
631,102.0,2018-11-12,324.0
632,102.0,2018-11-12,1174.0
633,102.0,2018-11-12,291.0
634,102.0,2018-11-12,129.0
635,33.0,2018-11-12,1226.0
636,102.0,2018-11-12,301.0
637,102.0,2018-11-13,1279.0
638,102.0,2018-11-14,1283.0
640,33.0,2018-11-14,1224.0
641,102.0,2018-11-14,318.0
642,102.0,2018-11-14,229.0
643,33.0,2018-11-14,1282.0
644,102.0,2018-11-15,1284.0
645,102.0,2018-11-15,1134.0
646,102.0,2018-11-15,1285.0
647,102.0,2018-11-15,1094.0
648,102.0,2018-11-15,223.0
649,102.0,2018-11-15,1130.0
650,102.0,2018-11-15,1171.0
651,102.0,2018-11-15,1286.0
652,102.0,2018-11-15,267.0
653,102.0,2018-11-15,1122.0
654,102.0,2018-11-16,212.0
655,102.0,2018-11-16,255.0
656,102.0,2018-11-16,342.0
657,102.0,2018-11-16,1159.0
658,102.0,2018-11-16,214.0
659,102.0,2018-11-16,1292.0
660,102.0,2018-11-16,317.0
661,102.0,2018-11-16,1184.0
662,102.0,2018-11-16,1291.0
663,102.0,2018-11-16,1089.0
664,102.0,2018-11-16,1293.0
665,102.0,2018-11-16,323.0
666,33.0,2018-11-16,1226.0
667,102.0,2018-11-17,1294.0
668,102.0,2018-11-17,242.0
669,102.0,2018-11-17,327.0
670,102.0,2018-11-17,332.0
671,102.0,2018-11-17,130.0
672,102.0,2018-11-17,175.0
673,102.0,2018-11-18,241.0
674,102.0,2018-11-18,204.0
675,102.0,2018-11-18,1295.0
676,102.0,2018-11-18,162.0
677,102.0,2018-11-18,1164.0
678,102.0,2018-11-18,1165.0
679,102.0,2018-11-18,159.0
680,102.0,2018-11-18,1189.0
681,102.0,2018-11-18,219.0
682,33.0,2018-11-18,1247.0
683,102.0,2018-11-19,1271.0
684,102.0,2018-11-19,1133.0
685,102.0,2018-11-19,321.0
686,33.0,2018-11-30,143.0
687,102.0,2018-11-19,312.0
688,102.0,2018-11-19,1297.0
689,102.0,2018-11-19,180.0
690,102.0,2018-11-19,181.0
691,102.0,2018-11-19,252.0
692,102.0,2018-11-19,1123.0
693,33.0,2018-11-19,1247.0
694,33.0,2018-11-19,1296.0
695,102.0,2018-11-19,336.0
696,102.0,2018-11-20,1188.0
697,102.0,2018-11-20,1298.0
698,102.0,2018-11-20,1170.0
699,102.0,2018-11-20,244.0
700,102.0,2018-11-21,216.0
701,102.0,2018-11-21,233.0
702,102.0,2018-11-21,1274.0
703,102.0,2018-11-21,210.0
704,102.0,2018-11-22,253.0
705,102.0,2018-11-22,1299.0
706,102.0,2018-11-22,316.0
707,33.0,2018-11-22,1197.0
708,33.0,2018-11-22,1296.0
709,102.0,2018-11-22,212.0
710,102.0,2018-11-22,319.0
711,33.0,2018-11-22,4110.0
712,102.0,2018-11-23,1119.0
713,102.0,2018-11-23,1300.0
714,102.0,2018-11-23,176.0
715,33.0,2018-11-23,1237.0
716,102.0,2018-11-23,1301.0
718,33.0,2018-11-23,1197.0
719,102.0,2018-11-23,1175.0
720,102.0,2018-11-23,1508.0
721,102.0,2018-11-23,1135.0
722,33.0,2018-11-23,1506.0
723,102.0,2018-11-23,283.0
724,33.0,2018-11-23,1722.0
725,33.0,2018-11-23,1918.0
726,33.0,2018-11-23,1509.0
727,33.0,2018-11-23,1303.0
728,33.0,2018-11-23,4110.0
729,33.0,2018-11-24,1211.0
730,33.0,2018-11-24,1193.0
731,33.0,2018-11-24,2958.0
732,102.0,2018-11-24,310.0
733,102.0,2018-11-24,2325.0
734,102.0,2018-11-24,174.0
735,102.0,2018-11-24,1097.0
736,102.0,2018-11-24,1250.0
737,102.0,2018-11-24,2327.0
738,102.0,2018-11-24,2326.0
739,102.0,2018-11-24,189.0
740,33.0,2018-11-25,347.0
741,33.0,2018-11-25,4110.0
742,102.0,2018-11-26,254.0
743,102.0,2018-11-26,2328.0
744,102.0,2018-11-26,178.0
745,33.0,2018-11-26,4110.0
746,102.0,2018-11-26,1155.0
747,102.0,2018-11-26,1269.0
748,102.0,2018-11-26,269.0
749,33.0,2018-11-26,1193.0
750,102.0,2018-11-26,1089.0
752,33.0,2018-11-27,1193.0
753,33.0,2018-11-27,1919.0
754,33.0,2018-11-27,143.0
755,102.0,2018-07-20,1103.0
756,102.0,2018-08-29,1103.0
757,102.0,2018-11-28,265.0
758,102.0,2018-11-28,2330.0
759,102.0,2018-11-28,2331.0
760,102.0,2018-11-28,2393.0
761,102.0,2018-11-28,2385.0
762,102.0,2018-11-28,1064.0
763,102.0,2018-11-28,2414.0
764,102.0,2018-11-28,2505.0
765,33.0,2018-11-28,1919.0
766,33.0,2018-11-28,143.0
767,102.0,2018-11-28,213.0
768,102.0,2018-11-28,1154.0
769,102.0,2018-11-28,211.0
770,102.0,2018-11-28,1241.0
771,102.0,2018-11-28,207.0
772,102.0,2018-11-28,1103.0
774,102.0,2018-11-29,203.0
776,102.0,2018-11-29,284.0
778,102.0,2018-11-29,294.0
779,33.0,2018-11-29,2512.0
780,33.0,2018-11-29,4110.0
781,102.0,2018-11-29,165.0
782,102.0,2018-11-29,216.0
783,33.0,2018-11-29,4110.0
784,102.0,2018-11-29,197.0
785,33.0,2018-09-03,143.0
786,102.0,2018-11-29,267.0
787,102.0,2018-11-30,287.0
788,102.0,2018-11-30,2515.0
789,102.0,2018-11-30,218.0
790,102.0,2018-11-30,1270.0
791,102.0,2018-11-30,1271.0
792,102.0,2018-12-01,1119.0
793,102.0,2018-12-01,1272.0
794,102.0,2018-12-01,1239.0
795,102.0,2018-07-27,255.0
797,102.0,2018-12-01,327.0
798,102.0,2018-12-01,2523.0
799,102.0,2018-12-01,1124.0
800,102.0,2018-12-01,1268.0
801,102.0,2018-12-01,2501.0
802,102.0,2018-12-02,271.0
803,102.0,2018-12-02,1249.0
804,102.0,2018-12-02,305.0
805,102.0,2018-12-02,183.0
806,102.0,2018-12-02,2525.0
807,102.0,2018-12-02,1132.0
808,102.0,2018-12-02,1108.0
809,102.0,2018-12-02,1156.0
810,102.0,,178.0
811,102.0,2018-12-02,178.0
812,102.0,2018-12-02,2526.0
813,102.0,2018-12-03,2527.0
814,33.0,2018-12-03,143.0
815,102.0,2018-12-03,2528.0
816,102.0,2018-12-03,2518.0
817,102.0,2018-12-03,217.0
818,102.0,2018-12-03,173.0
819,33.0,2018-12-04,143.0
820,33.0,2018-12-04,4017.0
822,102.0,2018-12-05,135.0
823,102.0,2018-12-05,1254.0
824,33.0,2018-12-05,143.0
825,102.0,2018-12-05,324.0
826,102.0,2018-12-05,2529.0
827,102.0,2018-12-05,2530.0
828,33.0,2018-12-05,4110.0
829,102.0,2018-12-05,1127.0
830,102.0,2018-12-05,1102.0
831,102.0,2018-12-06,303.0
832,102.0,2018-12-06,1292.0
833,102.0,2018-12-06,267.0
834,102.0,2018-12-06,1285.0
835,102.0,2018-12-06,1243.0
836,102.0,2018-12-06,223.0
837,102.0,2018-12-06,1184.0
838,102.0,2018-12-07,2531.0
839,102.0,2018-12-07,1104.0
840,102.0,2018-12-08,2532.0
841,102.0,2018-12-08,309.0
842,102.0,2018-12-08,1298.0
843,102.0,2018-12-08,1130.0
844,102.0,2018-12-08,2533.0
845,102.0,2018-12-08,2534.0
846,102.0,2018-12-08,1124.0
847,102.0,2018-12-08,1173.0
848,102.0,2018-12-08,175.0
849,102.0,2018-12-08,332.0
850,102.0,2018-12-08,219.0
851,102.0,2018-12-07,1089.0
852,102.0,2018-12-09,244.0
853,102.0,2018-12-09,1189.0
854,102.0,2018-12-09,204.0
855,102.0,2018-12-10,1134.0
856,102.0,2018-12-10,312.0
857,102.0,2018-12-10,209.0
858,33.0,2018-12-10,143.0
859,102.0,2018-12-10,2508.0
860,102.0,2018-12-10,308.0
861,33.0,2018-12-10,4017.0
862,33.0,2018-12-10,4110.0
863,33.0,2018-12-10,2514.0
864,33.0,2018-12-11,4110.0
865,102.0,2018-12-11,2535.0
866,102.0,2018-12-11,207.0
867,102.0,2018-12-11,190.0
868,102.0,2018-12-11,318.0
869,102.0,2018-12-11,1174.0
870,102.0,2018-12-11,2536.0
871,102.0,2018-12-11,284.0
872,102.0,2018-12-11,212.0
873,102.0,2018-12-12,1188.0
874,102.0,2018-12-12,297.0
875,102.0,2018-12-12,1269.0
876,102.0,2018-12-12,1286.0
877,102.0,2018-12-12,1171.0
878,102.0,2018-07-20,165.0
879,102.0,2018-08-20,165.0
880,102.0,2018-12-13,1134.0
881,102.0,2018-12-13,211.0
882,102.0,2018-12-13,165.0
883,102.0,2018-12-13,1250.0
884,102.0,2018-12-14,2538.0
885,102.0,2018-12-14,2537.0
886,102.0,2018-12-14,1278.0
887,102.0,2018-12-14,162.0
888,102.0,2018-12-14,183.0
889,102.0,2018-12-14,255.0
890,102.0,2018-12-14,1300.0
891,102.0,2018-12-15,1273.0
892,102.0,2018-12-15,316.0
893,102.0,2018-12-15,1274.0
894,102.0,2018-12-15,1135.0
895,102.0,2018-12-15,1159.0
896,102.0,2018-12-15,130.0
897,102.0,2018-12-15,1300.0
898,102.0,2018-12-17,1188.0
899,102.0,2018-12-17,1263.0
900,102.0,2018-12-17,2543.0
901,102.0,2018-12-17,317.0
902,102.0,2018-12-17,2544.0
903,102.0,2018-12-17,2505.0
904,102.0,2018-12-17,1094.0
905,102.0,2018-12-17,294.0
906,102.0,2018-12-17,233.0
907,102.0,2018-12-19,1102.0
908,102.0,2018-12-19,229.0
909,102.0,2018-12-19,2508.0
910,102.0,2018-12-19,180.0
911,102.0,2018-12-19,2545.0
912,102.0,2018-12-19,2546.0
913,102.0,2018-12-19,1164.0
914,102.0,2018-12-20,1291.0
915,102.0,2018-12-20,287.0
916,102.0,2018-12-20,253.0
917,102.0,2018-12-20,176.0
919,102.0,2018-12-20,2550.0
920,102.0,2018-12-20,1241.0
921,102.0,2018-12-20,1145.0
922,102.0,2018-12-20,2547.0
923,102.0,2018-12-20,2515.0
924,102.0,2018-12-20,319.0
925,102.0,2018-12-20,310.0
926,102.0,2018-12-21,252.0
927,102.0,2018-12-21,1508.0
928,102.0,2018-12-21,1165.0
929,102.0,2018-12-21,324.0
930,102.0,2018-12-21,214.0
931,33.0,2018-12-21,4110.0
932,102.0,2018-12-21,2551.0
933,102.0,2018-12-21,1270.0
934,102.0,2018-12-21,269.0
935,102.0,2018-12-22,1188.0
936,102.0,2018-12-22,283.0
937,102.0,2018-12-22,2525.0
938,102.0,2018-12-22,1249.0
939,102.0,2018-12-22,2552.0
940,102.0,2018-12-22,174.0
941,102.0,2018-12-22,1132.0
942,102.0,2018-12-22,2554.0
943,102.0,2018-12-22,2555.0
944,102.0,2018-12-22,1097.0
945,102.0,2018-12-22,1119.0
946,102.0,2018-12-23,245.0
947,102.0,2018-12-23,179.0
948,102.0,2018-12-23,2556.0
949,102.0,2018-12-23,178.0
950,102.0,2018-12-23,2560.0
951,102.0,2018-12-23,189.0
952,102.0,2018-12-23,165.0
953,102.0,2018-12-23,324.0
954,102.0,2018-12-23,2558.0
955,102.0,2018-12-23,2559.0
956,102.0,2018-12-23,204.0
957,102.0,2018-12-23,2527.0
958,102.0,2018-12-24,219.0
959,102.0,2018-12-24,159.0
960,102.0,2018-12-24,2563.0
961,102.0,2018-12-24,2564.0
962,102.0,2018-12-24,1170.0
963,102.0,2018-12-24,2562.0
964,102.0,2018-12-24,2566.0
965,102.0,2018-12-24,2565.0
966,102.0,2018-12-24,241.0
967,102.0,2018-12-24,176.0
968,102.0,2018-12-24,2568.0
969,33.0,2018-12-25,4110.0
970,33.0,2018-12-25,2572.0
971,33.0,2018-12-25,2569.0
972,102.0,2018-12-26,254.0
973,33.0,2018-12-26,2574.0
974,102.0,2018-12-26,2331.0
975,102.0,2018-12-26,1155.0
976,102.0,2018-12-26,1064.0
977,102.0,2018-12-26,1106.0
978,102.0,2018-12-26,2536.0
979,102.0,2018-12-26,1124.0
980,102.0,2018-12-26,203.0
981,102.0,2018-12-26,228.0
982,102.0,2018-12-27,1184.0
983,102.0,2018-12-27,284.0
984,102.0,2018-12-27,1173.0
985,102.0,2018-12-27,305.0
986,102.0,2018-12-27,223.0
987,102.0,2018-12-27,2531.0
988,102.0,2018-12-27,267.0
989,102.0,2018-12-27,219.0
990,102.0,2018-12-28,1121.0
991,33.0,2018-12-28,2580.0
992,33.0,2018-12-28,1152.0
993,102.0,2018-12-28,2532.0
994,102.0,2018-12-28,1089.0
995,102.0,2018-12-28,2515.0
996,102.0,2018-12-28,321.0
997,102.0,2018-12-28,2582.0
998,102.0,2018-12-28,2534.0
999,102.0,2018-12-28,1239.0
1000,102.0,2018-12-29,246.0
1001,102.0,2018-12-29,1098.0
1002,102.0,2018-12-29,271.0
1003,102.0,2018-12-29,1292.0
1004,102.0,2018-12-29,175.0
1005,102.0,2018-12-29,1130.0
1006,102.0,2018-12-29,2588.0
1007,102.0,2018-12-29,2518.0
1008,102.0,2018-12-29,197.0
1009,102.0,2018-12-29,217.0
1010,102.0,2018-12-29,212.0
1011,33.0,2018-12-29,4110.0
1012,102.0,2018-12-30,1163.0
1013,102.0,2018-12-30,2590.0
1014,102.0,2018-12-30,173.0
1015,102.0,2018-12-30,2593.0
1016,102.0,2018-12-30,2594.0
1017,102.0,2018-12-30,332.0
1018,102.0,2018-12-30,2595.0
1019,33.0,2018-12-30,2589.0
1020,102.0,2018-12-30,2592.0
1021,102.0,2018-12-30,2596.0
1022,102.0,2018-12-30,130.0
1023,102.0,2018-12-30,2597.0
1024,102.0,2018-12-31,209.0
1025,102.0,2018-12-31,2605.0
1026,102.0,2018-12-31,2599.0
1027,102.0,2018-12-31,1189.0
1028,102.0,2018-12-31,2600.0
1029,102.0,2018-12-31,312.0
1030,102.0,2018-12-31,2602.0
1031,102.0,2018-12-31,2601.0
1032,102.0,2018-12-31,181.0
1033,102.0,2018-12-31,2604.0
1034,102.0,2018-12-31,309.0
1035,33.0,2019-01-02,143.0
1036,33.0,2019-01-02,4110.0
1037,33.0,2019-01-03,4110.0
1038,102.0,2019-01-04,2606.0
1039,102.0,2019-01-04,1127.0
1040,102.0,2019-01-04,1108.0
1041,102.0,2019-01-04,1174.0
1042,102.0,2019-01-04,1119.0
1043,102.0,2019-01-04,2607.0
1044,33.0,2019-01-04,2609.0
1045,102.0,2019-01-05,2608.0
1046,102.0,2019-01-05,2610.0
1047,102.0,2019-01-05,1275.0
1049,102.0,2019-01-05,2612.0
1050,102.0,2019-01-05,2534.0
1051,102.0,2019-01-05,1135.0
1052,102.0,2019-01-06,1098.0
1053,102.0,2019-01-06,2522.0
1054,102.0,2019-01-06,288.0
1055,102.0,2019-01-06,211.0
1056,102.0,2019-01-06,2616.0
1057,102.0,2019-01-06,209.0
1058,102.0,2019-01-06,2614.0
1059,102.0,2019-01-06,2615.0
1060,102.0,2019-01-07,2559.0
1061,102.0,2019-01-07,2545.0
1062,102.0,2019-01-07,319.0
1063,102.0,2019-01-07,1171.0
1064,102.0,2019-01-07,207.0
1065,102.0,2019-01-08,2618.0
1066,102.0,2019-01-08,244.0
1067,102.0,2019-01-08,2505.0
1068,102.0,2019-01-08,135.0
1069,102.0,2019-01-08,228.0
1070,33.0,2019-01-09,4110.0
1071,102.0,2019-01-10,210.0
1072,33.0,2019-01-10,4110.0
1073,102.0,2019-01-10,2623.0
1074,102.0,2019-01-10,2621.0
1075,102.0,2019-01-10,1104.0
1076,102.0,2019-01-11,255.0
1077,102.0,2019-01-11,2627.0
1078,102.0,2019-01-11,324.0
1079,102.0,2019-01-11,1110.0
1080,102.0,2019-01-11,2628.0
1081,102.0,2019-01-11,1270.0
1082,102.0,2019-01-11,1094.0
1083,33.0,2018-01-11,143.0
1084,33.0,,143.0
1085,33.0,2019-01-11,143.0
1086,33.0,2019-01-11,347.0
1087,33.0,2019-01-11,4110.0
1088,33.0,2018-01-11,
1089,102.0,2019-01-12,316.0
1090,102.0,2019-01-12,2525.0
1091,102.0,2019-01-12,1135.0
1092,102.0,2019-01-12,283.0
1093,102.0,2019-01-12,2621.0
1094,102.0,2019-01-12,242.0
1095,102.0,2019-01-12,213.0
1096,102.0,2019-01-12,2527.0
1097,102.0,2019-01-12,2631.0
1098,102.0,2019-01-12,1300.0
1099,102.0,2019-01-12,2632.0
1100,102.0,2019-01-12,243.0
1101,102.0,2019-01-12,1123.0
1102,102.0,2019-01-13,2633.0
1103,102.0,2019-01-13,269.0
1104,102.0,2019-01-13,2556.0
1105,102.0,2019-01-13,189.0
1106,102.0,2019-01-13,178.0
1107,102.0,2019-01-14,269.0
1108,102.0,2019-01-13,180.0
1109,102.0,2019-01-13,179.0
1110,102.0,2019-01-14,1089.0
1111,102.0,2019-01-14,1206.0
1112,102.0,2019-01-14,162.0
1113,102.0,2019-01-14,2565.0
1114,102.0,2019-01-14,2634.0
1115,102.0,2019-01-14,219.0
1116,102.0,2019-01-14,1102.0
1117,102.0,2019-01-14,294.0
1118,102.0,2019-01-15,130.0
1119,102.0,2019-01-15,233.0
1120,102.0,2019-01-15,223.0
1121,102.0,2019-01-15,2635.0
1122,102.0,2019-01-15,1159.0
1123,102.0,2019-01-16,2636.0
1124,102.0,2019-01-16,287.0
1125,102.0,2019-01-16,2528.0
1126,102.0,2019-01-16,1165.0
1127,102.0,2019-01-16,2637.0
1128,102.0,2019-01-16,204.0
1129,102.0,2019-01-16,1241.0
1130,33.0,2019-01-16,4110.0
1131,102.0,2019-01-17,253.0
1132,102.0,2019-01-17,1170.0
1133,33.0,2018-12-11,143.0
1134,102.0,2019-01-17,2535.0
1135,33.0,2018-09-17,143.0
1136,102.0,2019-01-17,310.0
1137,102.0,2019-01-18,203.0
1138,102.0,2019-01-18,1239.0
1139,102.0,2019-01-18,284.0
1140,102.0,2019-01-18,318.0
1141,102.0,2019-01-18,1064.0
1142,102.0,2019-01-18,1155.0
1143,102.0,2019-01-18,2639.0
1144,102.0,2019-01-19,246.0
1145,102.0,2019-01-19,2647.0
1146,102.0,2019-01-19,2648.0
1147,102.0,2019-01-19,175.0
1148,102.0,2019-01-19,241.0
1149,102.0,2019-01-19,332.0
1150,102.0,2019-01-19,271.0
1151,102.0,2019-01-19,1166.0
1152,102.0,2019-01-19,305.0
1153,102.0,2019-01-19,1189.0
1154,102.0,2019-01-21,2649.0
1155,102.0,2019-01-21,252.0
1156,102.0,2019-01-21,312.0
1157,102.0,2019-01-21,2593.0
1158,102.0,2019-01-21,217.0
1159,102.0,2019-01-21,1124.0
1160,102.0,2019-01-21,181.0
1161,102.0,2019-01-22,2650.0
1162,102.0,2019-01-22,1508.0
1163,102.0,2019-01-22,1127.0
1164,102.0,2019-01-22,2651.0
1165,102.0,2019-01-22,1292.0
1166,102.0,2019-01-22,2652.0
1167,33.0,2019-01-22,4110.0
1168,33.0,2019-01-22,143.0
1169,102.0,2019-01-23,1272.0
1170,102.0,2019-01-23,216.0
1171,102.0,2019-01-23,228.0
1172,33.0,2019-01-23,2541.0
1173,102.0,2019-01-23,212.0
1180,33.0,2019-01-23,2570.0
1181,102.0,2019-01-23,229.0
1182,102.0,2019-01-24,214.0
1183,102.0,2019-01-24,1184.0
1184,33.0,2019-01-24,2570.0
1185,102.0,2019-01-24,2621.0
1186,102.0,2019-01-24,267.0
1187,33.0,2019-01-24,1184.0
1188,33.0,2019-01-25,29.0
1189,122.0,2019-01-25,2681.0
1190,33.0,2019-01-25,2570.0
1191,33.0,2019-01-25,143.0
1192,102.0,2019-01-25,165.0
1193,102.0,2019-01-25,254.0
1194,102.0,2019-01-25,162.0
1195,102.0,2019-01-25,1174.0
1196,102.0,2019-01-25,2679.0
1197,33.0,2019-01-25,1.0
1198,33.0,2019-01-25,2958.0
1199,102.0,2019-01-26,2716.0
1200,102.0,2019-01-26,1135.0
1201,102.0,2019-01-26,308.0
1202,102.0,2019-01-26,1132.0
1203,102.0,2019-01-26,1206.0
1204,102.0,2019-01-26,1130.0
1205,102.0,2019-01-26,2673.0
1206,102.0,2019-01-26,1097.0
1207,102.0,2019-01-26,2717.0
1208,102.0,2019-01-26,1254.0
1209,102.0,2019-01-26,1098.0
1210,102.0,2019-01-27,2680.0
1211,102.0,2019-01-27,1102.0
1212,102.0,2019-01-27,176.0
1213,102.0,2019-01-27,130.0
1214,102.0,2019-01-28,245.0
1215,102.0,2019-01-28,2719.0
1216,102.0,2019-01-28,1263.0
1217,102.0,2019-01-28,321.0
1218,102.0,2019-01-28,2672.0
1219,102.0,2019-01-28,324.0
1220,102.0,2019-01-28,2720.0
1221,102.0,2019-01-28,173.0
1222,102.0,2019-01-28,2535.0
1223,102.0,2019-01-29,2721.0
1224,122.0,2019-01-29,2724.0
1225,102.0,2019-01-29,2722.0
1226,102.0,2019-01-29,2723.0
1227,102.0,2019-01-29,207.0
1228,102.0,2019-01-29,1121.0
1229,33.0,2019-01-29,2958.0
1230,102.0,2019-01-29,294.0
1231,102.0,2019-01-30,2727.0
1232,102.0,2019-01-30,1119.0
1233,102.0,2019-01-30,2728.0
1234,102.0,2019-01-30,197.0
1235,102.0,2019-01-30,2610.0
1236,102.0,2019-01-30,211.0
1237,102.0,2019-01-29,1270.0
1238,102.0,2019-02-01,1174.0
1239,102.0,2019-02-01,324.0
1240,33.0,,5443.0
1241,33.0,2019-02-01,29.0
1242,33.0,2019-02-01,2958.0
1243,102.0,2019-02-01,174.0
1244,102.0,2019-02-01,2739.0
1245,102.0,2019-02-01,1173.0
1246,102.0,2019-02-01,2522.0
1247,102.0,2019-02-01,1089.0
1248,102.0,2019-02-01,1275.0
1249,102.0,2019-02-01,319.0
1250,102.0,2019-02-02,1119.0
1251,102.0,2019-02-02,2525.0
1252,102.0,2019-02-02,2590.0
1253,102.0,2019-02-02,212.0
1254,102.0,2019-02-02,2647.0
1255,102.0,2019-02-02,2527.0
1256,102.0,,2777.0
1257,102.0,2019-02-02,2737.0
1258,102.0,2019-02-02,189.0
1259,102.0,2019-02-02,1206.0
1260,102.0,2019-02-02,175.0
1261,102.0,2019-02-02,2738.0
1262,102.0,2019-02-02,178.0
1263,33.0,2019-02-03,143.0
1264,102.0,2019-02-04,2606.0
1265,102.0,2019-02-04,2600.0
1266,102.0,2019-02-04,1108.0
1267,102.0,2019-02-04,2784.0
1268,33.0,,2774.0
1269,33.0,,2786.0
1270,33.0,2019-02-04,8.0
1271,33.0,2019-02-04,2786.0
1272,102.0,2019-02-04,2779.0
1273,33.0,2019-02-04,4110.0
1274,102.0,2019-02-04,2787.0
1275,102.0,2019-02-04,130.0
1276,102.0,2019-02-05,2331.0
1277,102.0,2019-02-05,2628.0
1278,102.0,2019-02-05,2606.0
1279,102.0,2019-02-05,181.0
1280,33.0,2019-02-05,2773.0
1281,102.0,2019-02-05,223.0
1282,102.0,2019-02-05,269.0
1283,102.0,2019-02-05,2635.0
1284,102.0,2019-02-05,288.0
1285,102.0,2019-02-05,2634.0
1286,102.0,2019-02-06,244.0
1287,33.0,2019-02-06,2789.0
1288,33.0,,
1289,102.0,2019-02-06,2799.0
1290,102.0,2019-02-06,159.0
1291,33.0,2019-02-06,4110.0
1292,33.0,2019-02-06,1152.0
1293,102.0,2019-02-06,2732.0
1294,102.0,2019-02-06,2800.0
1295,33.0,2019-02-07,4110.0
1296,102.0,2019-02-07,2802.0
1297,102.0,2019-02-07,258.0
1298,102.0,2019-02-07,204.0
1299,102.0,2019-02-07,2565.0
1300,102.0,2019-02-08,203.0
1301,102.0,2019-02-08,1102.0
1302,102.0,2019-02-08,2326.0
1303,102.0,2019-02-08,316.0
1304,102.0,2019-02-08,1133.0
1305,102.0,2019-02-08,2820.0
1306,102.0,2019-02-08,2819.0
1307,102.0,2019-02-08,2565.0
1308,102.0,2019-02-08,2531.0
1309,102.0,2019-02-08,1094.0
1312,102.0,2019-02-09,309.0
1313,102.0,2019-02-09,2830.0
1314,102.0,2019-02-09,2817.0
1315,102.0,2019-02-09,271.0
1316,102.0,2019-02-09,2818.0
1317,102.0,2019-02-09,2832.0
1318,102.0,2019-02-09,1165.0
1319,102.0,2019-02-09,179.0
1320,102.0,2019-02-09,297.0
1321,102.0,2019-02-09,332.0
1322,102.0,2019-02-09,1124.0
1323,102.0,2019-02-09,2833.0
1324,102.0,2019-02-09,208.0
1325,102.0,2019-02-09,1123.0
1326,102.0,2019-02-11,2593.0
1327,102.0,2019-02-11,2648.0
1328,102.0,2019-02-11,180.0
1329,102.0,2019-02-11,2838.0
1330,102.0,2019-02-11,2839.0
1331,102.0,2019-02-11,254.0
1332,102.0,2019-02-11,2840.0
1333,102.0,2019-02-11,212.0
1334,102.0,2019-02-11,1300.0
1335,102.0,2019-02-12,287.0
1336,102.0,2019-02-12,2731.0
1337,102.0,,
1338,102.0,2019-02-12,2749.0
1339,33.0,2019-02-12,1152.0
1341,102.0,2019-02-12,2841.0
1342,102.0,2019-02-12,233.0
1343,102.0,2019-02-12,2505.0
1344,102.0,2019-02-12,1127.0
1345,102.0,2019-02-13,2842.0
1346,102.0,2019-02-13,1292.0
1347,102.0,2019-02-13,2528.0
1349,102.0,2019-02-13,2843.0
1350,102.0,2019-02-13,2544.0
1351,102.0,2019-02-13,246.0
1352,102.0,2019-02-13,213.0
1353,102.0,2019-02-13,284.0
1354,102.0,2019-02-13,305.0
1355,102.0,2019-02-14,2844.0
1356,102.0,2019-02-14,209.0
1357,102.0,2019-02-14,253.0
1358,102.0,2019-02-14,1184.0
1359,102.0,2019-02-14,3532.0
1360,102.0,2019-02-14,1239.0
1361,102.0,2019-02-14,310.0
1362,102.0,2019-02-14,267.0
1363,102.0,2019-02-15,318.0
1364,102.0,2019-02-15,1122.0
1365,102.0,2019-02-15,2827.0
1366,102.0,2019-02-15,2785.0
1367,102.0,2019-02-15,162.0
1368,102.0,2019-02-15,1064.0
1369,102.0,2019-02-15,1170.0
1370,102.0,2019-02-15,1104.0
1371,102.0,2019-02-16,2841.0
1372,102.0,2019-02-16,2720.0
1373,102.0,2019-02-16,1272.0
1374,102.0,2019-02-16,241.0
1375,102.0,2019-02-16,2518.0
1376,102.0,2019-02-16,242.0
1377,102.0,2019-02-16,1135.0
1378,102.0,,1123.0
1379,102.0,2019-02-16,175.0
1380,102.0,2019-02-16,2552.0
1381,102.0,2019-02-16,2857.0
1382,102.0,2019-02-16,1189.0
1383,102.0,2019-02-16,2508.0
1384,102.0,2019-02-16,2858.0
1385,102.0,2019-02-18,2679.0
1386,102.0,2019-02-18,2859.0
1387,102.0,2019-02-18,2860.0
1388,102.0,2019-02-18,2861.0
1389,102.0,2019-02-18,1102.0
1390,102.0,2019-02-18,2863.0
1391,102.0,2019-02-18,283.0
1392,102.0,2019-02-18,324.0
1394,102.0,2019-02-18,2874.0
1395,102.0,2019-02-19,2876.0
1396,102.0,2019-02-19,211.0
1397,102.0,2019-02-19,1145.0
1398,102.0,2019-02-19,244.0
1399,102.0,2019-02-19,2873.0
1400,102.0,2019-02-20,2876.0
1401,102.0,2019-02-20,255.0
1402,102.0,2019-02-20,1130.0
1403,102.0,2019-02-20,229.0
1404,102.0,2019-02-20,2872.0
1405,102.0,2019-02-20,217.0
1406,102.0,2019-02-20,2535.0
1407,102.0,2019-02-21,2735.0
1408,102.0,2019-02-21,321.0
1409,102.0,2019-02-21,2515.0
1410,102.0,2019-02-21,2871.0
1411,102.0,2019-02-21,197.0
1412,102.0,2019-02-21,1159.0
1413,102.0,2019-02-21,2878.0
1414,102.0,2019-02-21,212.0
1415,102.0,2019-02-22,2796.0
1416,102.0,2019-02-22,2870.0
1417,102.0,2019-02-22,1171.0
1418,102.0,2019-02-22,1089.0
1419,102.0,2019-02-22,2885.0
1420,102.0,2019-02-22,319.0
1421,102.0,2019-02-22,336.0
1422,102.0,2019-02-22,1163.0
1423,102.0,2019-02-23,2593.0
1424,102.0,2019-02-23,2525.0
1425,102.0,2019-02-23,1184.0
1426,102.0,2019-02-23,2737.0
1427,102.0,2019-02-23,178.0
1428,102.0,2019-02-23,2647.0
1429,102.0,2019-02-23,297.0
1430,102.0,2019-02-23,2738.0
1431,102.0,2019-02-23,2884.0
1432,102.0,2019-02-23,2881.0
1433,102.0,2019-02-23,2527.0
1434,102.0,2019-02-23,2888.0
1435,102.0,2019-02-25,2887.0
1436,102.0,2019-02-25,1133.0
1437,102.0,2019-02-25,2891.0
1438,102.0,2019-02-25,269.0
1439,33.0,2019-02-25,2876.0
1440,33.0,2019-02-25,2746.0
1441,33.0,2019-02-25,140.0
1442,102.0,2019-02-25,173.0
1443,102.0,2019-02-25,214.0
1444,102.0,2019-02-25,252.0
1445,102.0,2019-02-25,165.0
1446,102.0,2019-02-26,2672.0
1447,102.0,2019-02-26,2838.0
1448,33.0,2019-02-26,4110.0
1449,102.0,2019-02-26,1188.0
1450,122.0,2019-02-26,1188.0
1451,33.0,2019-02-26,2768.0
1452,33.0,2019-02-26,2864.0
1453,102.0,2019-02-26,223.0
1454,102.0,2019-02-26,2869.0
1455,102.0,2019-02-26,1270.0
1456,102.0,2019-02-27,2868.0
1457,102.0,2019-02-27,1171.0
1458,33.0,2019-02-27,2902.0
1459,102.0,2019-02-27,2610.0
1461,102.0,2019-02-28,2867.0
1462,102.0,2019-02-28,2884.0
1463,102.0,2019-02-28,1173.0
1464,102.0,2019-02-28,2882.0
1465,102.0,2019-03-01,2906.0
1466,102.0,2019-03-01,1134.0
1467,102.0,2019-03-01,2606.0
1468,102.0,2019-03-01,2866.0
1469,102.0,2019-03-01,308.0
1470,102.0,2019-03-01,2819.0
1471,102.0,2019-03-01,324.0
1472,102.0,2019-03-02,2865.0
1473,33.0,2019-03-02,4110.0
1474,102.0,2019-03-02,2792.0
1475,102.0,2019-03-02,1275.0
1476,102.0,2019-03-02,271.0
1477,102.0,2019-03-02,2917.0
1478,102.0,2019-03-02,1124.0
1479,102.0,2019-03-02,1119.0
1480,102.0,2019-03-02,2791.0
1481,102.0,2019-03-02,332.0
1482,102.0,2019-03-04,1263.0
1483,102.0,2019-03-04,2600.0
1484,102.0,2019-03-04,2911.0
1485,102.0,2019-03-04,2631.0
1486,102.0,2019-03-04,2922.0
1487,102.0,2019-03-04,1094.0
1488,102.0,2019-03-04,2921.0
1489,102.0,2019-03-04,174.0
1490,102.0,2019-03-04,2861.0
1491,102.0,2019-03-04,1108.0
1492,102.0,2019-03-04,2924.0
1493,102.0,2019-03-04,223.0
1494,102.0,2019-03-04,2910.0
1495,102.0,2019-03-04,2923.0
1496,102.0,2019-03-04,2925.0
1497,102.0,2019-03-04,2927.0
1498,102.0,2019-03-04,2565.0
1499,102.0,2019-03-05,2928.0
1500,102.0,2019-03-05,212.0
1501,102.0,2019-03-05,312.0
1502,102.0,2019-03-05,2914.0
1503,102.0,2019-03-05,204.0
1504,102.0,2019-03-05,2903.0
1505,102.0,2019-03-05,2930.0
1506,102.0,2019-03-06,2506.0
1507,102.0,2019-03-06,2913.0
1508,102.0,2019-03-06,2505.0
1509,102.0,2019-03-06,130.0
1510,102.0,2019-03-06,2933.0
1511,102.0,2019-03-06,2628.0
1512,102.0,2019-03-06,305.0
1513,102.0,2019-03-06,256.0
1514,33.0,2019-03-07,140.0
1515,33.0,2019-03-07,4110.0
1516,102.0,2019-03-07,2929.0
1517,102.0,2019-03-07,2937.0
1518,102.0,2019-03-07,267.0
1519,102.0,2019-03-07,181.0
1520,102.0,2019-03-07,284.0
1521,102.0,2019-03-07,2590.0
1522,102.0,2019-03-08,2919.0
1523,102.0,2019-03-08,2538.0
1524,102.0,2019-03-08,175.0
1525,33.0,2019-03-08,143.0
1526,102.0,2019-03-08,2524.0
1527,102.0,2019-03-08,2907.0
1528,102.0,2019-03-08,135.0
1529,102.0,2019-03-08,287.0
1530,102.0,2019-03-08,1272.0
1531,102.0,2019-03-08,1135.0
1532,102.0,2019-03-09,203.0
1533,102.0,2019-03-09,309.0
1534,102.0,2019-03-09,2938.0
1535,102.0,2019-03-09,1184.0
1536,33.0,2019-03-09,4110.0
1537,102.0,2019-03-09,254.0
1538,102.0,2019-03-09,176.0
1539,102.0,2019-03-11,1508.0
1540,102.0,2019-03-11,211.0
1541,102.0,2019-03-11,2720.0
1542,102.0,2019-03-11,1155.0
1543,102.0,2019-03-11,1133.0
1544,102.0,2019-03-11,2956.0
1545,102.0,2019-03-11,246.0
1546,102.0,2019-03-11,1127.0
1547,33.0,2019-03-12,4110.0
1548,102.0,2019-03-12,2966.0
1549,102.0,2019-03-12,2962.0
1550,33.0,2019-03-12,2958.0
1551,102.0,2019-03-12,2955.0
1552,102.0,2019-03-12,208.0
1553,102.0,2019-03-12,1254.0
1554,102.0,2019-03-12,2781.0
1555,102.0,2019-03-12,2967.0
1556,102.0,2019-03-12,1130.0
1557,102.0,2019-03-12,233.0
1558,102.0,2019-03-12,2964.0
1559,102.0,2019-03-13,2968.0
1560,33.0,2019-03-13,1196.0
1561,102.0,2019-03-13,2719.0
1562,102.0,2019-03-13,2918.0
1563,102.0,2019-03-13,1170.0
1564,102.0,2019-03-13,2960.0
1565,33.0,2019-03-13,2757.0
1566,33.0,2019-03-13,2772.0
1567,102.0,2019-03-13,318.0
1568,102.0,2019-03-13,266.0
1569,102.0,2019-03-13,2535.0
1570,33.0,,140.0
1571,33.0,2019-03-13,143.0
1573,102.0,2019-03-13,267.0
1574,102.0,2019-03-13,3401.0
1575,102.0,2019-03-14,2525.0
1576,102.0,2019-03-15,1239.0
1577,102.0,2019-03-15,1064.0
1578,102.0,2019-03-15,2518.0
1579,33.0,2019-03-15,140.0
1580,33.0,2019-03-15,2958.0
1581,33.0,2019-03-15,2589.0
1582,102.0,2019-03-15,3922.0
1583,102.0,2019-03-15,162.0
1584,102.0,2019-03-15,321.0
1585,102.0,2019-03-15,3974.0
1586,33.0,2019-03-15,2958.0
1587,102.0,2019-03-15,283.0
1588,33.0,2019-03-15,1196.0
1589,102.0,2019-03-15,3977.0
1590,102.0,2019-03-15,3975.0
1591,102.0,2019-03-16,2648.0
1592,102.0,2019-03-16,3975.0
1593,102.0,2019-03-16,3977.0
1594,102.0,2019-03-16,241.0
1595,102.0,2019-03-16,2647.0
1596,102.0,2019-03-16,2917.0
1597,102.0,2019-03-16,3393.0
1598,102.0,2019-03-16,310.0
1599,102.0,2019-03-16,2738.0
1600,102.0,2019-03-16,242.0
1601,102.0,2019-03-16,1300.0
1602,102.0,2019-03-16,178.0
1603,102.0,2019-03-16,292.0
1604,102.0,2019-03-16,244.0
1605,33.0,2019-03-17,1196.0
1606,182.0,2019-03-18,3983.0
1607,102.0,2019-03-18,1188.0
1608,102.0,2019-03-18,1098.0
1609,33.0,2019-03-18,4110.0
1610,33.0,2019-03-18,2958.0
1611,102.0,2019-03-18,324.0
1612,102.0,2019-03-18,2515.0
1613,102.0,2019-03-18,2826.0
1614,102.0,2019-03-18,2876.0
1615,102.0,2019-03-18,1155.0
1616,102.0,2019-03-19,245.0
1617,,2019-03-19,
1618,102.0,2019-03-19,3987.0
1619,33.0,2019-03-19,2958.0
1620,33.0,2019-03-19,4110.0
1621,33.0,2019-03-19,3992.0
1622,102.0,2019-03-19,223.0
1623,102.0,2019-03-19,2906.0
1624,102.0,2019-03-19,197.0
1625,102.0,2019-03-19,2635.0
1626,102.0,2019-03-20,3994.0
1627,102.0,2019-03-20,2509.0
1628,102.0,2019-03-20,2527.0
1629,102.0,2019-03-20,3973.0
1630,102.0,2019-03-20,3997.0
1631,102.0,2019-03-20,1171.0
1632,102.0,2019-03-20,1159.0
1634,102.0,2019-03-20,2531.0
1635,102.0,2019-03-20,213.0
1636,102.0,2019-03-20,316.0
1637,102.0,2019-03-21,1272.0
1638,102.0,2019-03-21,316.0
1639,33.0,2019-03-21,3998.0
1640,102.0,2019-03-22,2860.0
1641,102.0,2019-03-22,3978.0
1642,102.0,2019-03-22,2331.0
1643,102.0,2019-03-22,321.0
1644,102.0,2019-03-22,2737.0
1645,102.0,2019-03-22,1089.0
1646,102.0,2019-03-22,4000.0
1647,102.0,2019-03-22,228.0
1648,102.0,2019-03-22,159.0
1649,102.0,2019-03-23,2915.0
1650,102.0,2019-03-23,2912.0
1651,102.0,2019-03-23,297.0
1652,102.0,2019-03-23,2607.0
1653,102.0,2019-03-23,4003.0
1654,102.0,2019-03-23,332.0
1655,102.0,2019-03-23,2885.0
1656,102.0,2019-03-23,2927.0
1657,102.0,2019-03-23,271.0
1658,102.0,2019-03-23,2552.0
1659,102.0,2019-03-23,2923.0
1660,216.0,2019-03-24,4008.0
1661,33.0,2019-03-25,4110.0
1662,33.0,2019-03-25,4010.0
1663,102.0,2019-03-25,4007.0
1664,33.0,2019-03-25,2765.0
1665,102.0,2019-03-25,214.0
1666,102.0,2019-03-25,312.0
1667,102.0,2019-03-25,2819.0
1668,102.0,2019-03-25,1189.0
1669,102.0,2019-03-25,324.0
1670,102.0,2019-03-26,4009.0
1671,102.0,2019-03-26,252.0
1672,102.0,2019-03-26,4013.0
1673,33.0,2019-03-26,4110.0
1674,102.0,2019-03-26,244.0
1675,102.0,2019-03-26,1174.0
1676,260.0,2019-03-26,4014.0
1677,102.0,2019-03-26,173.0
1678,102.0,2019-03-26,255.0
1679,264.0,2019-03-26,4015.0
1680,33.0,2019-03-26,4017.0
1681,102.0,2019-03-27,2606.0
1682,33.0,2019-03-27,4016.0
1683,102.0,2019-03-27,288.0
1684,102.0,2019-03-27,2791.0
1685,102.0,2019-03-27,2792.0
1686,102.0,2019-03-27,2937.0
1687,102.0,2019-03-27,305.0
1688,102.0,2019-03-28,1301.0
1689,102.0,2019-03-28,2884.0
1690,102.0,2019-03-28,284.0
1691,102.0,2019-03-28,2913.0
1692,102.0,2019-03-28,2869.0
1693,102.0,2019-03-28,212.0
1694,102.0,2019-03-28,1184.0
1695,273.0,2019-03-28,4041.0
1696,102.0,2019-03-28,204.0
1697,271.0,2019-03-28,4042.0
1698,102.0,2019-03-29,181.0
1699,102.0,2019-03-29,287.0
1700,102.0,2019-03-29,1173.0
1701,102.0,2019-03-29,2721.0
1702,102.0,2019-03-29,2508.0
1703,294.0,2019-03-30,4051.0
1704,102.0,2019-03-30,1135.0
1705,102.0,2019-03-30,1119.0
1706,102.0,2019-03-30,2610.0
1707,102.0,2019-03-30,2660.0
1708,102.0,2019-03-30,2989.0
1709,102.0,2019-03-30,3941.0
1710,102.0,2019-03-30,4050.0
1711,102.0,2019-03-30,1124.0
1712,102.0,2019-03-30,3043.0
1713,102.0,2019-03-30,2720.0
1714,33.0,2019-03-30,4047.0
1715,102.0,2019-03-30,269.0
1716,102.0,2019-04-01,246.0
1717,102.0,2019-04-01,254.0
1718,102.0,2019-04-01,2600.0
1719,102.0,2019-04-01,4040.0
1720,102.0,2019-04-01,212.0
1721,102.0,2019-04-01,130.0
1722,102.0,2019-04-01,2921.0
1723,102.0,2019-04-01,4054.0
1724,102.0,2019-04-01,2505.0
1725,102.0,2019-04-02,2960.0
1726,102.0,2019-04-02,4040.0
1727,102.0,2019-04-02,4059.0
1728,102.0,2019-04-02,4060.0
1729,102.0,2019-04-02,211.0
1730,102.0,2019-04-02,3390.0
1731,102.0,2019-04-02,2868.0
1732,102.0,2019-04-02,3383.0
1733,102.0,2019-04-02,4058.0
1734,102.0,2019-04-02,179.0
1735,102.0,2019-04-02,2531.0
1736,102.0,2019-04-03,1155.0
1737,102.0,2019-04-03,1272.0
1738,102.0,2019-04-03,2964.0
1739,102.0,2019-04-03,4057.0
1740,102.0,2019-04-04,216.0
1741,102.0,2019-04-04,2796.0
1742,102.0,2019-04-04,4064.0
1743,102.0,2019-04-04,319.0
1744,102.0,2019-04-04,2800.0
1745,102.0,2019-04-04,2535.0
1746,102.0,2019-04-04,180.0
1747,102.0,2019-04-04,4061.0
1748,102.0,2019-04-05,3055.0
1749,33.0,2019-04-05,4110.0
1750,33.0,2019-04-05,2958.0
1751,33.0,2019-04-05,4069.0
1752,102.0,2019-04-05,1102.0
1753,102.0,2019-04-05,2986.0
1754,102.0,2019-04-05,3975.0
1755,102.0,2019-04-05,1121.0
1756,102.0,2019-04-05,2968.0
1757,102.0,2019-04-05,1130.0
1758,102.0,2019-04-06,203.0
1759,102.0,2019-04-06,3675.0
1760,102.0,2019-04-06,2590.0
1761,102.0,2019-04-06,2838.0
1762,102.0,2019-04-06,312.0
1763,102.0,2019-04-06,242.0
1764,102.0,2019-04-06,4072.0
1765,102.0,2019-04-06,4071.0
1766,102.0,2019-04-06,3685.0
1767,102.0,2019-04-06,276.0
1768,102.0,2019-04-06,2525.0
1769,102.0,2019-04-06,4018.0
1770,102.0,2019-04-06,309.0
1771,102.0,2019-04-06,4056.0
1772,33.0,2019-04-08,4076.0
1773,102.0,2019-04-08,4087.0
1774,102.0,2019-04-08,178.0
1776,102.0,2019-04-08,2908.0
1777,102.0,2019-04-08,2527.0
1778,102.0,2019-04-08,4083.0
1779,102.0,2019-04-08,4088.0
1780,102.0,2019-04-08,4079.0
1781,102.0,2019-04-08,1064.0
1782,102.0,2019-04-09,4089.0
1783,102.0,2019-04-09,1098.0
1784,360.0,2019-04-09,4093.0
1785,102.0,2019-04-09,2635.0
1786,102.0,2019-04-09,2882.0
1787,102.0,2019-04-09,223.0
1788,102.0,2019-04-09,4085.0
1789,102.0,2019-04-09,2647.0
1790,102.0,2019-04-09,135.0
1791,102.0,2019-04-10,174.0
1792,102.0,2019-04-10,3511.0
1793,102.0,2019-04-10,233.0
1794,102.0,2019-04-10,258.0
1795,362.0,2019-04-11,4097.0
1796,102.0,2019-04-11,2962.0
1797,102.0,2019-04-11,4084.0
1798,102.0,2019-04-11,3645.0
1799,102.0,2019-04-11,1108.0
1800,102.0,2019-04-11,2925.0
1801,102.0,2019-04-11,4077.0
1802,102.0,2019-04-11,176.0
1803,102.0,2019-04-11,1089.0
1804,102.0,2019-04-11,253.0
1805,102.0,2019-04-11,4105.0
1806,102.0,2019-04-12,2661.0
1807,102.0,2019-04-12,4082.0
1808,102.0,2019-04-13,310.0
1809,102.0,2019-04-13,283.0
1810,102.0,2019-04-13,271.0
1811,102.0,2019-04-13,332.0
1812,102.0,2019-04-13,1171.0
1813,102.0,2019-04-13,4095.0
1814,102.0,2019-04-13,1188.0
1815,102.0,2019-04-13,4066.0
1816,102.0,2019-04-13,241.0
1817,368.0,2019-04-15,4109.0
1818,102.0,2019-04-15,2826.0
1819,102.0,2019-04-15,3886.0
1820,102.0,2019-04-15,4113.0
1821,102.0,2019-04-15,312.0
1822,102.0,2019-04-15,3495.0
1823,102.0,2019-04-15,4096.0
1824,102.0,2019-04-15,1263.0
1825,102.0,2019-04-15,2876.0
1826,102.0,2019-04-16,1508.0
1827,102.0,2019-04-16,1239.0
1828,102.0,2019-04-16,4131.0
1829,102.0,2019-04-16,197.0
1830,102.0,2019-04-16,308.0
1831,102.0,2019-04-16,3393.0
1833,102.0,2019-04-17,229.0
1834,102.0,2019-04-17,4124.0
1835,102.0,2019-04-17,2509.0
1836,102.0,2019-04-17,2885.0
1837,102.0,2019-04-17,305.0
1838,102.0,2019-04-18,284.0
1839,102.0,2019-04-18,4211.0
1840,102.0,2019-04-18,316.0
1841,102.0,2019-04-18,4215.0
1842,102.0,2019-04-18,244.0
1843,102.0,2019-04-19,4221.0
1844,102.0,2019-04-19,181.0
1845,102.0,2019-04-19,3568.0
1846,102.0,2019-04-19,4220.0
1847,102.0,2019-04-19,4219.0
1848,102.0,2019-04-19,2515.0
1849,102.0,2019-04-19,2519.0
1850,102.0,2019-04-19,310.0
1851,102.0,2019-04-20,297.0
1852,102.0,2019-04-20,4172.0
1853,102.0,2019-04-20,1097.0
1854,102.0,2019-04-20,4262.0
1855,102.0,2019-04-20,334.0
1856,102.0,2019-04-20,3941.0
1857,102.0,2019-04-20,4260.0
1858,102.0,2019-04-20,2720.0
1859,102.0,2019-04-20,213.0
1860,102.0,2019-04-22,214.0
1861,102.0,2019-04-22,1174.0
1862,102.0,2019-04-22,4267.0
1863,102.0,2019-04-22,4078.0
1864,102.0,2019-04-22,208.0
1865,102.0,2019-04-22,2929.0
1866,102.0,2019-04-22,2506.0
1867,102.0,2019-04-22,173.0
1868,102.0,2019-04-23,2719.0
1869,102.0,2019-04-23,2606.0
1870,102.0,2019-04-23,252.0
1871,102.0,2019-04-23,4271.0
1872,102.0,2019-04-23,1159.0
1873,102.0,2019-04-23,4270.0
1874,102.0,2019-04-23,2610.0
1875,102.0,2019-04-23,4063.0
1876,102.0,2019-04-24,1272.0
1877,102.0,2019-04-24,254.0
1878,102.0,2019-04-24,1098.0
1879,102.0,2019-04-24,2331.0
1880,102.0,2019-04-24,3778.0
1881,102.0,2019-04-24,1155.0
1882,102.0,2019-04-24,3390.0
1883,102.0,2019-04-24,2531.0
1884,102.0,2019-04-24,2964.0
1885,33.0,2019-04-24,2958.0
1886,33.0,2019-04-24,2902.0
1887,33.0,2019-04-24,3998.0
1888,102.0,2019-04-25,4263.0
1889,102.0,2019-04-25,319.0
1890,102.0,2019-04-25,1133.0
1891,102.0,2019-04-25,4333.0
1892,102.0,2019-04-26,2968.0
1893,102.0,2019-04-26,1130.0
1894,102.0,2019-04-26,1089.0
1895,102.0,2019-04-26,287.0
1896,102.0,2019-04-26,4371.0
1897,102.0,2019-04-27,2923.0
1898,102.0,2019-04-27,247.0
1899,102.0,2019-04-27,223.0
1900,102.0,2019-04-27,1124.0
1901,102.0,2019-04-27,1135.0
1902,102.0,2019-04-27,211.0
1903,102.0,2019-04-27,4083.0
1904,102.0,2019-04-27,2989.0
1905,102.0,2019-04-28,1119.0
1906,102.0,2019-04-28,4266.0
1907,102.0,2019-04-28,4375.0
1908,102.0,2019-04-28,2505.0
1909,102.0,2019-04-28,2819.0
1910,102.0,2019-04-28,4335.0
1911,102.0,2019-04-28,2538.0
1912,102.0,2019-04-28,324.0
1913,102.0,2019-04-28,276.0
1914,102.0,2019-04-28,1253.0
1915,102.0,2019-04-28,2879.0
1916,102.0,2019-04-29,1173.0
1917,102.0,2019-04-29,2818.0
1918,102.0,2019-04-29,4370.0
1919,102.0,2019-04-29,162.0
1920,102.0,2019-04-29,178.0
1921,102.0,2019-04-29,321.0
1922,102.0,2019-04-29,244.0
1923,102.0,2019-04-29,4003.0
1924,102.0,2019-04-29,216.0
1925,102.0,2019-04-29,2908.0
1926,102.0,2019-05-03,174.0
1927,102.0,2019-05-03,203.0
1928,122.0,2019-05-03,203.0
1929,253.0,2019-05-03,203.0
1930,102.0,2019-05-03,2647.0
1931,102.0,2019-05-03,2802.0
1932,102.0,2019-05-03,159.0
1933,102.0,2019-05-03,4400.0
1934,102.0,2019-05-03,288.0
1935,102.0,2019-05-03,4401.0
1936,102.0,2019-05-03,1170.0
1937,102.0,2019-05-03,1300.0
1938,102.0,2019-05-04,1098.0
1939,102.0,2019-05-04,4405.0
1940,102.0,2019-05-04,4404.0
1941,102.0,2019-05-04,4374.0
1942,102.0,2019-05-04,271.0
1943,102.0,2019-05-04,1189.0
1944,102.0,2019-05-04,332.0
1945,102.0,2019-05-04,3609.0
1946,102.0,2019-05-05,4387.0
1947,102.0,2019-05-05,4409.0
1948,102.0,2019-05-05,4334.0
1949,102.0,2019-05-05,3901.0
1950,102.0,2019-05-05,4386.0
1951,102.0,2019-05-06,4365.0
1952,102.0,2019-05-06,241.0
