ns_id,user_id,customer_id,ch_id,service_id,employee_id,service_price
1,33,126,10,0,0,"b'5.000,00\xc2\xa0\xc2\xa5'"
2,33,126,10,0,0,"b'3.000,00\xc2\xa0\xc2\xa5'"
4,33,149,13,0,0,"b'4,000\xe5\x86\x86'"
5,33,230,56,0,0,"b'2,000\xe5\x86\x86'"
6,33,231,57,0,0,"b'2,000\xe5\x86\x86'"
7,33,140,85,0,65,"b'123,456\xe5\x86\x86'"
8,33,286,86,0,0,"b'235,765,432\xe5\x86\x86'"
9,33,4110,87,0,0,"b'3,345,679\xe5\x86\x86'"
10,33,4110,87,0,0,"b'34,688\xe5\x86\x86'"
11,33,125,127,0,0,"b'3,000\xe5\x86\x86'"
12,33,125,127,2,0,b''
13,33,125,127,0,0,b''
14,33,227,132,0,0,b'500\xe5\x86\x86'
15,33,227,132,0,0,"b'3,555\xe5\x86\x86'"
16,33,227,132,0,0,"b'4,000\xe5\x86\x86'"
17,33,2958,156,0,0,"b'2,000\xe5\x86\x86'"
18,33,2958,156,0,0,"b'4,000\xe5\x86\x86'"
19,33,2958,163,0,0,"b'1,000\xe5\x86\x86'"
20,33,227,187,2,0,b''
21,33,140,189,0,65,"b'2,080\xe5\x86\x86'"
22,33,140,189,0,65,"b'3,00\xe5\x86\x86'"
23,33,140,196,0,0,"b'324,354\xe5\x86\x86'"
25,33,140,196,0,0,"b'32,412,341,234\xe5\x86\x86'"
26,33,125,197,2,0,"b'55,754,776\xe5\x86\x86'"
27,33,125,197,2,0,b'44\xe5\x86\x86'
28,33,125,197,2,0,"b'45,345\xe5\x86\x86'"
29,33,125,197,0,0,"b'5,235,235\xe5\x86\x86'"
30,33,125,197,0,0,"b'4,325,325\xe5\x86\x86'"
31,33,125,197,0,0,b'\xe5\x86\x86'
33,33,4110,198,0,0,b'\xe5\x86\x86'
34,33,4110,198,0,0,"b'543,634\xe5\x86\x86'"
36,33,188,199,2,0,b'\xe5\x86\x86'
37,33,4110,200,0,0,b''
38,33,4110,200,0,0,b''
39,33,4110,200,2,0,b''
40,33,143,201,3,0,b'\xe5\x86\x86'
41,33,143,201,3,0,"b'45,423\xe5\x86\x86'"
42,33,143,201,4,0,b''
43,33,143,201,4,0,b''
44,33,143,201,4,0,b''
45,33,286,202,0,0,"b'24,567\xe5\x86\x86'"
46,33,286,202,0,0,"b'66,444\xe5\x86\x86'"
47,33,286,202,0,0,"b'455,666\xe5\x86\x86'"
48,33,126,203,0,0,b'234\xe5\x86\x86'
49,33,126,203,0,0,"b'234,565\xe5\x86\x86'"
50,33,126,203,0,0,"b'14,241,324\xe5\x86\x86'"
51,33,126,203,0,0,"b'12,341\xe5\x86\x86'"
52,33,126,203,0,0,b''
53,33,126,203,0,0,"b'14,234,125\xe5\x86\x86'"
54,33,126,203,0,0,"b'1,245,243\xe5\x86\x86'"
55,33,126,203,0,0,"b'124,123\xe5\x86\x86'"
56,33,126,203,0,0,"b'2,452\xe5\x86\x86'"
57,33,126,203,0,0,"b'43,252\xe5\x86\x86'"
58,33,126,203,0,0,"b'44,325\xe5\x86\x86'"
59,33,126,203,0,0,"b'3,424\xe5\x86\x86'"
60,33,126,203,0,0,"b'43,223\xe5\x86\x86'"
61,33,126,203,0,0,"b'3,242\xe5\x86\x86'"
62,33,126,203,0,0,"b'23,423\xe5\x86\x86'"
64,33,126,203,0,0,"b'43,252\xe5\x86\x86'"
65,33,352,204,0,0,"b'3,333\xe5\x86\x86'"
67,33,352,205,5,0,b''
68,33,347,206,0,0,"b'3,214,312\xe5\x86\x86'"
69,33,347,206,0,0,"b'2,455,432\xe5\x86\x86'"
71,33,347,206,6,0,"b'3,526,345\xe5\x86\x86'"
74,33,357,208,0,0,"b'55,685\xe5\x86\x86'"
75,33,353,209,0,0,"b'45,646\xe5\x86\x86'"
76,33,353,209,0,0,"b'2,300\xe5\x86\x86'"
77,33,353,209,0,0,"b'1,900\xe5\x86\x86'"
78,33,353,209,0,0,"b'6,700\xe5\x86\x86'"
79,33,125,224,0,0,"b'3,653,634\xe5\x86\x86'"
80,33,351,225,0,0,"b'56,765\xe5\x86\x86'"
81,33,1093,257,0,0,"b'4,356\xe5\x86\x86'"
82,33,1093,259,3,0,b''
83,33,4110,260,0,0,"b'5,545,555\xe5\x86\x86'"
84,33,4110,260,3,0,"b'4,558\xe5\x86\x86'"
85,33,4110,260,2,0,"b'123,654\xe5\x86\x86'"
86,33,4110,260,3,0,"b'85,44\xe5\x86\x86'"
87,33,4110,260,4,0,"b'45,632\xe5\x86\x86'"
88,33,4110,260,4,0,"b'12,354\xe5\x86\x86'"
89,33,4110,260,3,0,"b'123,654\xe5\x86\x86'"
90,33,4110,260,2,0,"b'45,698\xe5\x86\x86'"
91,33,4110,260,0,0,"b'125,478\xe5\x86\x86'"
92,33,4110,260,0,0,"b'123,654\xe5\x86\x86'"
93,33,4110,260,0,0,"b'587,422,369\xe5\x86\x86'"
94,33,4110,260,0,0,"b'2,415\xe5\x86\x86'"
95,33,4110,260,0,0,"b'123,654\xe5\x86\x86'"
96,33,4110,260,0,0,"b'123,654\xe5\x86\x86'"
97,33,4110,260,0,0,b''
98,33,4110,260,0,0,"b'25,632\xe5\x86\x86'"
99,33,4110,260,0,0,"b'14,536\xe5\x86\x86'"
100,33,1109,265,5,0,"b'678,998\xe5\x86\x86'"
102,33,1109,265,0,0,"b'788,990\xe5\x86\x86'"
103,33,1109,265,2,0,b''
104,33,1113,266,2,0,b''
105,33,1090,269,0,0,b'888\xe5\x86\x86'
106,33,1114,270,0,0,"b'45,664,467,635\xe5\x86\x86'"
107,33,1114,270,0,0,"b'5,677,766\xe5\x86\x86'"
108,33,1114,270,0,0,b''
109,33,1114,270,2,0,b''
110,33,1114,270,3,0,b''
111,33,1114,270,5,0,"b'66,764\xe5\x86\x86'"
114,33,1114,270,4,0,b''
115,33,1114,270,4,0,b''
116,33,1114,270,2,0,b''
117,33,1114,270,3,0,b''
118,33,1114,270,4,0,b''
122,33,143,271,0,0,"b'4,567\xe5\x86\x86'"
123,33,143,271,0,0,"b'667,788\xe5\x86\x86'"
124,33,143,271,0,0,b'678\xe5\x86\x86'
125,33,143,271,4,0,b''
126,33,143,271,4,0,b''
127,33,143,271,5,0,b''
130,33,356,290,2,0,b''
131,33,354,327,0,0,"b'466,666\xe5\x86\x86'"
132,33,1194,328,0,0,"b'78,888\xe5\x86\x86'"
133,33,357,329,0,0,"b'67,887\xe5\x86\x86'"
134,33,4110,331,0,0,"b'8,888\xe5\x86\x86'"
135,33,346,334,0,0,"b'457,655\xe5\x86\x86'"
136,33,346,334,0,0,"b'87,978\xe5\x86\x86'"
139,33,350,339,0,0,"b'56,667\xe5\x86\x86'"
140,33,350,339,0,0,"b'1,010\xe5\x86\x86'"
141,33,350,339,0,0,"b'4,500\xe5\x86\x86'"
142,33,350,339,0,0,"b'1,200\xe5\x86\x86'"
143,33,350,339,0,0,"b'1,200\xe5\x86\x86'"
144,33,350,339,0,0,"b'5,600\xe5\x86\x86'"
145,33,350,339,0,0,"b'2,300\xe5\x86\x86'"
146,33,350,339,0,0,"b'4,589\xe5\x86\x86'"
147,33,346,344,0,0,"b'1,200\xe5\x86\x86'"
148,33,346,344,0,0,"b'1,200\xe5\x86\x86'"
149,33,346,344,0,0,b'700\xe5\x86\x86'
150,33,346,344,0,0,"b'3,600\xe5\x86\x86'"
151,33,346,344,0,0,"b'5,600\xe5\x86\x86'"
152,33,346,344,0,0,"b'6,700\xe5\x86\x86'"
153,33,346,344,0,0,"b'7,800\xe5\x86\x86'"
154,33,346,344,0,0,"b'6,700\xe5\x86\x86'"
155,33,4110,345,0,0,"b'23,455\xe5\x86\x86'"
156,33,350,346,0,0,"b'4,500\xe5\x86\x86'"
157,33,350,346,0,0,"b'3,100\xe5\x86\x86'"
158,33,344,347,0,0,"b'2,300\xe5\x86\x86'"
159,33,1090,348,0,0,"b'6,700\xe5\x86\x86'"
160,33,1090,348,0,0,"b'5,600\xe5\x86\x86'"
161,33,1090,348,0,0,b'450\xe5\x86\x86'
162,33,1109,349,0,0,"b'4,567\xe5\x86\x86'"
163,33,1109,349,0,0,b'234\xe5\x86\x86'
164,33,1116,350,0,0,b'450\xe5\x86\x86'
166,33,345,352,0,0,"b'2,300\xe5\x86\x86'"
167,33,345,352,0,0,"b'3,200\xe5\x86\x86'"
168,33,345,352,0,0,"b'4,500\xe5\x86\x86'"
169,33,348,353,0,0,"b'3,400\xe5\x86\x86'"
170,33,1093,355,0,0,"b'3,400\xe5\x86\x86'"
171,33,349,356,0,0,b''
172,33,1131,358,0,0,"b'4,500\xe5\x86\x86'"
173,33,357,359,0,0,"b'2,300\xe5\x86\x86'"
174,33,357,359,0,0,"b'4,500\xe5\x86\x86'"
175,33,1092,362,0,0,"b'4,500\xe5\x86\x86'"
176,33,1092,362,0,0,"b'2,300\xe5\x86\x86'"
178,33,1092,362,0,0,"b'1,200\xe5\x86\x86'"
179,33,1092,362,0,0,"b'1,100\xe5\x86\x86'"
180,33,1092,362,0,0,"b'3,400\xe5\x86\x86'"
181,33,1092,362,2,0,b''
182,33,1092,362,3,0,b''
183,33,1092,362,4,0,b''
184,33,1092,362,5,0,b''
187,102,127,7,0,0,b'5000'
188,102,127,7,0,0,b'9000'
189,102,159,14,0,0,"b'21,260\xe5\x86\x86'"
190,102,166,15,0,0,"b'7,200\xe5\x86\x86'"
191,102,165,16,0,0,"b'16,740\xe5\x86\x86'"
192,102,164,17,0,0,"b'7,000\xe5\x86\x86'"
193,102,167,18,0,0,"b'13,280\xe5\x86\x86'"
194,102,169,19,0,0,"b'6,804\xe5\x86\x86'"
195,102,170,20,0,0,"b'16,232\xe5\x86\x86'"
196,102,171,21,0,0,"b'7,776\xe5\x86\x86'"
197,102,168,22,0,0,"b'4,800\xe5\x86\x86'"
198,102,178,23,0,0,b'0\xe5\x86\x86'
199,102,178,23,0,0,b'0\xe5\x86\x86'
200,102,177,24,0,0,"b'8,300\xe5\x86\x86'"
201,102,179,25,0,0,"b'8,300\xe5\x86\x86'"
202,102,180,26,0,0,"b'4,300\xe5\x86\x86'"
203,102,181,27,0,0,"b'8,640\xe5\x86\x86'"
204,102,184,28,0,0,"b'6,800\xe5\x86\x86'"
205,102,182,29,0,0,"b'6,800\xe5\x86\x86'"
206,102,187,30,0,0,"b'6,800\xe5\x86\x86'"
207,102,186,31,0,0,"b'4,800\xe5\x86\x86'"
208,102,185,32,0,0,"b'7,000\xe5\x86\x86'"
209,102,183,33,0,0,"b'8,100\xe5\x86\x86'"
210,102,191,34,0,0,"b'8,100\xe5\x86\x86'"
211,102,190,35,0,0,"b'6,800\xe5\x86\x86'"
212,102,189,36,0,0,"b'2,000\xe5\x86\x86'"
213,102,197,37,0,0,"b'6,480\xe5\x86\x86'"
214,102,198,38,0,0,"b'6,500\xe5\x86\x86'"
215,102,199,39,0,0,"b'6,800\xe5\x86\x86'"
216,102,200,41,0,0,"b'16,200\xe5\x86\x86'"
217,102,202,42,0,49,"b'8,300\xe5\x86\x86'"
218,102,203,43,0,0,"b'6,480\xe5\x86\x86'"
219,102,204,44,0,0,"b'6,480\xe5\x86\x86'"
220,102,205,45,0,0,"b'6,800\xe5\x86\x86'"
221,102,206,46,0,0,"b'4,800\xe5\x86\x86'"
222,102,209,47,0,0,"b'6,800\xe5\x86\x86'"
223,102,211,48,0,0,"b'8,640\xe5\x86\x86'"
224,102,213,49,0,0,"b'7,600\xe5\x86\x86'"
225,102,214,50,0,0,"b'10,908\xe5\x86\x86'"
226,102,216,51,0,0,"b'6,912\xe5\x86\x86'"
227,102,215,52,0,0,"b'7,124\xe5\x86\x86'"
228,102,217,53,0,0,"b'12,204\xe5\x86\x86'"
229,102,218,54,0,0,"b'8,200\xe5\x86\x86'"
230,102,220,55,0,0,"b'7,124\xe5\x86\x86'"
231,102,223,58,0,0,"b'4,200\xe5\x86\x86'"
232,102,228,59,0,0,"b'10,800\xe5\x86\x86'"
233,102,222,60,0,0,"b'17,280\xe5\x86\x86'"
234,102,243,61,0,0,"b'6,800\xe5\x86\x86'"
235,102,242,62,0,0,"b'6,500\xe5\x86\x86'"
236,102,241,63,0,0,"b'8,300\xe5\x86\x86'"
237,102,253,64,0,0,"b'8,200\xe5\x86\x86'"
238,102,256,65,0,0,"b'6,800\xe5\x86\x86'"
239,102,259,67,0,0,"b'6,600\xe5\x86\x86'"
240,102,266,68,0,0,"b'8,240\xe5\x86\x86'"
241,102,272,69,0,0,"b'9,396\xe5\x86\x86'"
242,102,278,70,0,0,"b'6,096\xe5\x86\x86'"
243,102,162,71,0,0,"b'13,408\xe5\x86\x86'"
244,102,283,72,0,0,"b'8,300\xe5\x86\x86'"
245,102,179,73,0,0,"b'6,480\xe5\x86\x86'"
246,102,279,74,0,0,"b'8,640\xe5\x86\x86'"
247,102,281,75,0,0,"b'8,300\xe5\x86\x86'"
248,102,282,76,0,0,"b'5,424\xe5\x86\x86'"
249,102,171,77,0,0,"b'7,560\xe5\x86\x86'"
250,102,284,78,0,0,"b'5,980\xe5\x86\x86'"
251,102,287,81,0,0,"b'9,120\xe5\x86\x86'"
252,102,288,82,0,0,"b'8,300\xe5\x86\x86'"
253,102,190,83,0,0,"b'7,800\xe5\x86\x86'"
254,102,173,84,0,0,"b'8,640\xe5\x86\x86'"
255,102,280,89,0,0,"b'8,300\xe5\x86\x86'"
256,102,277,90,0,0,"b'6,800\xe5\x86\x86'"
257,102,276,91,0,0,"b'8,300\xe5\x86\x86'"
258,102,275,92,0,0,"b'4,300\xe5\x86\x86'"
259,102,274,93,0,0,"b'4,800\xe5\x86\x86'"
260,102,273,94,0,0,"b'8,096\xe5\x86\x86'"
261,102,271,95,0,0,"b'6,800\xe5\x86\x86'"
262,102,269,96,0,0,"b'8,640\xe5\x86\x86'"
263,102,268,97,0,0,"b'9,668\xe5\x86\x86'"
264,102,267,98,0,0,"b'6,480\xe5\x86\x86'"
265,102,258,99,0,0,b'0\xe5\x86\x86'
266,102,258,100,0,0,"b'6,480\xe5\x86\x86'"
267,102,257,101,0,0,"b'6,800\xe5\x86\x86'"
268,102,255,102,0,0,"b'8,640\xe5\x86\x86'"
269,102,254,103,0,0,"b'6,480\xe5\x86\x86'"
270,102,252,104,0,0,"b'8,640\xe5\x86\x86'"
271,102,250,105,0,0,"b'8,640\xe5\x86\x86'"
272,102,259,118,0,0,b'756\xe5\x86\x86'
273,102,289,119,0,0,"b'6,800\xe5\x86\x86'"
274,102,290,120,0,0,"b'6,800\xe5\x86\x86'"
275,102,291,121,0,0,"b'11,820\xe5\x86\x86'"
276,102,293,122,0,0,"b'4,700\xe5\x86\x86'"
277,102,181,125,0,0,"b'6,480\xe5\x86\x86'"
278,102,294,128,0,0,"b'8,640\xe5\x86\x86'"
279,102,135,133,0,0,"b'8,640\xe5\x86\x86'"
280,102,135,133,0,0,"b'2,160\xe5\x86\x86'"
281,102,299,134,0,0,"b'4,800\xe5\x86\x86'"
282,102,297,135,0,0,"b'7,128\xe5\x86\x86'"
283,102,298,136,0,0,"b'6,800\xe5\x86\x86'"
284,102,301,137,0,0,"b'4,560\xe5\x86\x86'"
285,102,300,138,0,0,"b'7,100\xe5\x86\x86'"
286,102,175,139,0,0,"b'8,300\xe5\x86\x86'"
287,102,302,140,0,0,"b'6,800\xe5\x86\x86'"
288,102,303,141,0,0,"b'6,700\xe5\x86\x86'"
289,102,304,142,0,0,"b'7,236\xe5\x86\x86'"
290,102,292,143,0,0,b''
291,102,212,144,0,0,"b'8,640\xe5\x86\x86'"
292,102,204,145,0,0,"b'8,640\xe5\x86\x86'"
293,102,305,146,0,0,"b'6,628\xe5\x86\x86'"
294,102,306,147,0,0,"b'6,800\xe5\x86\x86'"
295,102,307,148,0,0,"b'6,800\xe5\x86\x86'"
296,102,172,149,0,0,"b'8,640\xe5\x86\x86'"
297,102,308,150,0,0,"b'7,252\xe5\x86\x86'"
298,102,309,151,0,0,"b'5,756\xe5\x86\x86'"
299,102,311,152,0,0,"b'13,640\xe5\x86\x86'"
300,102,312,153,0,0,"b'8,964\xe5\x86\x86'"
301,102,165,154,0,0,"b'22,680\xe5\x86\x86'"
302,102,313,155,0,0,"b'6,300\xe5\x86\x86'"
303,102,315,165,0,0,"b'6,800\xe5\x86\x86'"
304,102,316,166,0,0,"b'4,300\xe5\x86\x86'"
305,102,211,168,0,0,"b'8,040\xe5\x86\x86'"
306,102,223,169,0,0,"b'5,500\xe5\x86\x86'"
307,102,317,170,0,0,"b'6,380\xe5\x86\x86'"
308,102,319,171,0,0,"b'10,260\xe5\x86\x86'"
309,102,318,172,0,0,"b'6,480\xe5\x86\x86'"
310,102,294,173,0,0,b'0\xe5\x86\x86'
311,102,259,174,0,0,b'756\xe5\x86\x86'
312,102,320,175,0,0,"b'6,724\xe5\x86\x86'"
313,102,321,176,0,0,"b'4,600\xe5\x86\x86'"
314,102,210,178,0,0,"b'9,396\xe5\x86\x86'"
315,102,322,179,0,0,"b'14,200\xe5\x86\x86'"
316,102,323,180,0,0,"b'8,548\xe5\x86\x86'"
317,102,137,181,0,0,"b'23,004\xe5\x86\x86'"
318,102,324,182,0,0,"b'6,800\xe5\x86\x86'"
319,102,327,183,0,0,"b'6,480\xe5\x86\x86'"
320,102,326,184,0,0,"b'6,800\xe5\x86\x86'"
321,102,325,185,0,0,"b'6,800\xe5\x86\x86'"
322,102,244,186,0,0,"b'7,776\xe5\x86\x86'"
323,102,209,190,0,0,b'0\xe5\x86\x86'
324,102,209,190,0,0,"b'15,120\xe5\x86\x86'"
325,102,203,191,0,0,b'0\xe5\x86\x86'
326,102,203,191,0,0,"b'7,560\xe5\x86\x86'"
327,102,180,192,0,0,b'0\xe5\x86\x86'
328,102,180,192,0,0,"b'9,507\xe5\x86\x86'"
329,102,332,193,0,0,b'0\xe5\x86\x86'
330,102,332,193,0,0,"b'7,900\xe5\x86\x86'"
331,102,337,194,5,0,b''
332,102,333,210,0,0,"b'26,900\xe5\x86\x86'"
333,102,334,211,0,0,"b'2,700\xe5\x86\x86'"
334,102,336,212,0,0,"b'6,800\xe5\x86\x86'"
335,102,1064,213,0,0,"b'6,800\xe5\x86\x86'"
336,102,365,214,0,0,"b'4,300\xe5\x86\x86'"
337,102,342,215,0,0,"b'6,800\xe5\x86\x86'"
338,102,254,216,0,0,"b'5,980\xe5\x86\x86'"
339,102,165,217,0,0,"b'8,640\xe5\x86\x86'"
340,102,213,218,0,0,"b'9,444\xe5\x86\x86'"
341,102,169,219,0,0,"b'6,480\xe5\x86\x86'"
342,102,341,220,0,0,"b'6,480\xe5\x86\x86'"
343,102,189,221,0,0,b'0\xe5\x86\x86'
344,102,159,222,0,0,"b'144,720\xe5\x86\x86'"
345,102,228,226,0,0,"b'6,480\xe5\x86\x86'"
346,102,1065,227,0,0,"b'7,200\xe5\x86\x86'"
347,102,1089,228,0,0,"b'4,800\xe5\x86\x86'"
348,102,1094,229,0,0,"b'7,560\xe5\x86\x86'"
349,102,1095,230,0,0,"b'6,800\xe5\x86\x86'"
350,102,1096,231,0,0,"b'2,000\xe5\x86\x86'"
351,102,1096,231,0,0,"b'8,624\xe5\x86\x86'"
352,102,1097,232,0,0,"b'6,300\xe5\x86\x86'"
353,102,1098,233,0,0,"b'8,640\xe5\x86\x86'"
354,102,1099,234,0,0,"b'7,348\xe5\x86\x86'"
355,102,313,235,0,0,"b'1,860\xe5\x86\x86'"
356,102,1100,236,0,0,"b'6,800\xe5\x86\x86'"
357,102,1101,237,0,0,"b'6,800\xe5\x86\x86'"
358,102,179,238,0,0,"b'7,776\xe5\x86\x86'"
359,102,332,239,0,0,"b'3,456\xe5\x86\x86'"
360,102,1102,240,0,0,"b'12,960\xe5\x86\x86'"
361,102,244,241,5,0,b'0\xe5\x86\x86'
362,102,1095,242,0,0,"b'2,160\xe5\x86\x86'"
363,102,207,243,0,0,"b'7,776\xe5\x86\x86'"
364,102,1103,244,0,0,"b'12,096\xe5\x86\x86'"
366,102,178,245,0,0,"b'8,640\xe5\x86\x86'"
367,102,321,246,0,0,"b'7,012\xe5\x86\x86'"
368,102,1104,247,0,0,"b'21,600\xe5\x86\x86'"
369,102,233,248,0,0,"b'8,000\xe5\x86\x86'"
370,102,253,249,0,0,"b'8,300\xe5\x86\x86'"
371,102,1105,250,0,43,"b'4,800\xe5\x86\x86'"
372,102,267,251,0,0,"b'8,640\xe5\x86\x86'"
374,102,1106,252,0,0,"b'10,780\xe5\x86\x86'"
375,102,1108,253,0,0,"b'4,380\xe5\x86\x86'"
376,102,1107,254,0,49,"b'6,800\xe5\x86\x86'"
377,102,223,255,0,0,"b'2,592\xe5\x86\x86'"
378,102,336,256,6,0,"b'7,560\xe5\x86\x86'"
379,102,252,258,0,0,b'0\xe5\x86\x86'
380,102,252,258,0,0,"b'8,964\xe5\x86\x86'"
381,102,162,261,0,0,"b'7,128\xe5\x86\x86'"
382,102,162,261,0,0,"b'8,640\xe5\x86\x86'"
383,102,1111,262,0,0,b'324\xe5\x86\x86'
384,102,1112,263,0,0,"b'9,180\xe5\x86\x86'"
385,102,1110,264,0,0,"b'6,200\xe5\x86\x86'"
386,102,269,267,0,0,"b'8,640\xe5\x86\x86'"
387,102,266,268,0,0,"b'5,360\xe5\x86\x86'"
388,102,212,272,0,0,"b'7,560\xe5\x86\x86'"
389,102,241,273,5,0,"b'5,400\xe5\x86\x86'"
390,102,290,274,0,0,"b'2,700\xe5\x86\x86'"
391,102,175,275,0,0,"b'8,300\xe5\x86\x86'"
392,102,247,276,0,0,"b'7,884\xe5\x86\x86'"
393,102,309,277,0,0,"b'7,000\xe5\x86\x86'"
394,102,197,278,0,0,"b'6,480\xe5\x86\x86'"
395,102,204,279,0,0,"b'8,640\xe5\x86\x86'"
396,102,1119,280,0,0,"b'8,740\xe5\x86\x86'"
398,102,1105,281,5,49,"b'7,000\xe5\x86\x86'"
399,102,1120,282,0,43,"b'6,800\xe5\x86\x86'"
400,102,1121,283,0,55,"b'3,240\xe5\x86\x86'"
401,102,173,284,0,0,"b'8,640\xe5\x86\x86'"
402,102,284,285,0,0,"b'7,160\xe5\x86\x86'"
403,102,1122,286,6,0,"b'3,240\xe5\x86\x86'"
404,102,267,287,0,0,"b'8,640\xe5\x86\x86'"
405,102,324,288,0,0,"b'8,964\xe5\x86\x86'"
406,102,190,289,0,0,"b'8,640\xe5\x86\x86'"
407,102,1123,291,0,0,"b'4,800\xe5\x86\x86'"
408,102,1125,292,0,49,"b'6,100\xe5\x86\x86'"
409,102,1124,293,0,0,"b'8,640\xe5\x86\x86'"
410,102,287,294,0,0,"b'9,960\xe5\x86\x86'"
411,102,1126,295,0,43,"b'9,392\xe5\x86\x86'"
412,102,1127,296,0,0,"b'8,640\xe5\x86\x86'"
414,102,202,298,0,43,"b'7,128\xe5\x86\x86'"
415,102,1130,299,0,0,"b'8,300\xe5\x86\x86'"
416,102,305,300,0,0,"b'7,560\xe5\x86\x86'"
417,102,210,301,0,0,"b'10,044\xe5\x86\x86'"
418,102,1129,302,0,49,"b'4,800\xe5\x86\x86'"
419,102,244,303,0,0,"b'12,960\xe5\x86\x86'"
420,102,316,304,0,0,"b'5,500\xe5\x86\x86'"
421,102,222,305,0,0,"b'5,660\xe5\x86\x86'"
422,102,243,306,0,0,"b'8,300\xe5\x86\x86'"
423,102,228,307,0,0,"b'18,144\xe5\x86\x86'"
424,102,310,308,0,0,"b'8,640\xe5\x86\x86'"
425,102,242,310,0,0,"b'8,640\xe5\x86\x86'"
426,102,332,311,0,0,b''
427,102,1132,312,5,0,"b'2,160\xe5\x86\x86'"
428,102,1132,312,0,0,"b'8,300\xe5\x86\x86'"
429,102,1133,313,0,0,"b'8,640\xe5\x86\x86'"
430,102,1134,314,0,0,"b'8,640\xe5\x86\x86'"
431,102,1135,315,0,0,"b'4,800\xe5\x86\x86'"
432,102,319,316,0,0,"b'11,000\xe5\x86\x86'"
434,102,294,318,0,0,"b'10,800\xe5\x86\x86'"
435,102,189,319,5,0,"b'2,000\xe5\x86\x86'"
436,102,189,319,0,0,"b'7,560\xe5\x86\x86'"
437,102,1097,320,0,0,b'0\xe5\x86\x86'
438,102,246,321,0,0,"b'6,480\xe5\x86\x86'"
439,102,258,322,0,0,"b'6,804\xe5\x86\x86'"
440,102,1136,323,0,0,"b'4,800\xe5\x86\x86'"
441,102,341,324,0,49,"b'4,660\xe5\x86\x86'"
442,102,303,325,0,0,"b'8,300\xe5\x86\x86'"
443,102,1138,326,0,0,"b'6,000\xe5\x86\x86'"
444,102,283,330,0,0,"b'8,300\xe5\x86\x86'"
445,102,1139,332,0,0,"b'13,396\xe5\x86\x86'"
446,102,1140,333,0,0,"b'3,240\xe5\x86\x86'"
447,102,1141,337,0,0,"b'8,160\xe5\x86\x86'"
448,102,304,338,0,0,"b'6,840\xe5\x86\x86'"
449,102,211,341,0,0,"b'8,640\xe5\x86\x86'"
450,102,222,342,0,0,"b'8,640\xe5\x86\x86'"
451,102,1143,343,0,0,"b'7,448\xe5\x86\x86'"
452,102,1144,354,0,0,"b'7,556\xe5\x86\x86'"
453,102,180,357,0,0,"b'7,560\xe5\x86\x86'"
454,102,137,360,6,0,"b'10,000\xe5\x86\x86'"
455,102,137,360,0,0,"b'17,604\xe5\x86\x86'"
456,102,165,361,5,0,b''
457,102,1146,363,0,0,"b'6,700\xe5\x86\x86'"
458,102,1145,364,0,0,"b'7,024\xe5\x86\x86'"
459,102,1147,365,0,0,"b'10,800\xe5\x86\x86'"
460,102,1148,366,0,0,"b'6,800\xe5\x86\x86'"
461,102,218,367,0,0,"b'8,140\xe5\x86\x86'"
462,102,1064,368,0,0,"b'8,640\xe5\x86\x86'"
463,102,308,369,0,0,"b'67,04\xe5\x86\x86'"
464,102,254,370,0,0,"b'6,480\xe5\x86\x86'"
465,102,1136,371,0,0,b'\xe5\x86\x86'
466,102,1136,371,5,0,"b'24,840\xe5\x86\x86'"
467,102,183,372,0,0,"b'8,100\xe5\x86\x86'"
468,102,1150,373,0,0,"b'4,300\xe5\x86\x86'"
469,102,1149,374,0,0,"b'4,300\xe5\x86\x86'"
470,102,317,375,6,0,"b'8,640\xe5\x86\x86'"
471,102,317,375,0,0,"b'6,280\xe5\x86\x86'"
472,102,209,376,0,0,"b'7,740\xe5\x86\x86'"
473,102,250,377,0,0,"b'2,700\xe5\x86\x86'"
474,102,203,378,6,0,b'0\xe5\x86\x86'
475,102,203,378,0,0,"b'6,480\xe5\x86\x86'"
476,102,1122,379,0,0,"b'7,020\xe5\x86\x86'"
477,102,216,380,0,0,"b'8,640\xe5\x86\x86'"
478,102,1151,381,0,0,"b'3,800\xe5\x86\x86'"
479,102,178,382,0,0,b'856\xe5\x86\x86'
480,102,1148,383,0,0,"b'3,240\xe5\x86\x86'"
481,102,1154,384,0,55,"b'2,700\xe5\x86\x86'"
482,102,1102,385,0,0,"b'13,068\xe5\x86\x86'"
483,102,229,386,0,0,"b'6,480\xe5\x86\x86'"
484,102,228,387,0,0,b'0\xe5\x86\x86'
485,102,1155,388,0,0,"b'4,000\xe5\x86\x86'"
486,102,1156,389,0,0,"b'7,315\xe5\x86\x86'"
487,102,318,390,0,0,"b'6,480\xe5\x86\x86'"
488,102,1134,391,5,0,"b'18,360\xe5\x86\x86'"
489,102,342,392,0,0,"b'9,936\xe5\x86\x86'"
490,102,1094,393,0,0,"b'8,640\xe5\x86\x86'"
491,102,1158,394,0,0,"b'9,068\xe5\x86\x86'"
492,102,1159,395,0,0,"b'8,964\xe5\x86\x86'"
493,102,159,396,0,0,"b'6,480\xe5\x86\x86'"
494,102,255,397,0,0,"b'8,640\xe5\x86\x86'"
495,102,255,397,0,0,"b'2,160\xe5\x86\x86'"
496,102,252,398,0,0,"b'8,964\xe5\x86\x86'"
497,102,1160,399,0,0,b''
498,102,321,400,0,0,"b'6,480\xe5\x86\x86'"
499,102,269,401,0,0,"b'8,640\xe5\x86\x86'"
500,102,175,402,0,0,"b'7,640\xe5\x86\x86'"
501,102,1162,403,5,0,"b'2,160\xe5\x86\x86'"
502,102,297,404,0,0,"b'6,480\xe5\x86\x86'"
503,102,297,404,3,0,"b'4,900\xe5\x86\x86'"
504,102,212,405,0,0,"b'8,100\xe5\x86\x86'"
505,102,1161,406,0,0,"b'6,500\xe5\x86\x86'"
506,102,1163,407,0,0,"b'6,800\xe5\x86\x86'"
507,102,1166,408,0,74,"b'3,000\xe5\x86\x86'"
508,102,1165,409,0,0,"b'6,800\xe5\x86\x86'"
509,102,1164,410,0,0,"b'6,800\xe5\x86\x86'"
510,102,258,411,5,0,"b'4,320\xe5\x86\x86'"
511,102,271,412,0,0,"b'7,640\xe5\x86\x86'"
512,102,216,413,0,0,"b'2,160\xe5\x86\x86'"
513,102,1168,414,0,0,"b'3,000\xe5\x86\x86'"
514,102,1169,415,0,0,"b'11,984\xe5\x86\x86'"
515,102,309,416,0,0,"b'6,480\xe5\x86\x86'"
516,102,1167,417,0,0,"b'6,800\xe5\x86\x86'"
517,102,204,418,5,0,"b'5,400\xe5\x86\x86'"
518,102,204,418,0,0,"b'8,640\xe5\x86\x86'"
519,102,246,419,0,0,b'0\xe5\x86\x86'
520,102,162,420,0,0,b''
521,102,247,421,0,0,"b'6,804\xe5\x86\x86'"
522,102,162,422,0,0,"b'12,060\xe5\x86\x86'"
523,102,1170,423,0,0,"b'8,964\xe5\x86\x86'"
524,102,241,424,0,0,b'\xe5\x86\x86'
525,102,241,424,0,0,"b'2,160\xe5\x86\x86'"
526,102,241,424,5,0,"b'5,400\xe5\x86\x86'"
527,102,179,425,0,0,"b'2,700\xe5\x86\x86'"
528,102,244,426,0,0,"b'9,072\xe5\x86\x86'"
529,102,1133,427,5,0,"b'45,000\xe5\x86\x86'"
530,102,1133,427,0,0,"b'6,804\xe5\x86\x86'"
531,102,181,428,0,0,"b'8,640\xe5\x86\x86'"
532,102,181,428,5,0,b'0\xe5\x86\x86'
533,102,181,428,0,0,"b'7,000\xe5\x86\x86'"
534,102,1171,429,0,0,"b'7,124\xe5\x86\x86'"
535,102,324,430,0,0,"b'8,640\xe5\x86\x86'"
536,102,1172,431,0,49,"b'6,500\xe5\x86\x86'"
537,102,176,432,0,0,"b'8,300\xe5\x86\x86'"
538,102,1103,433,6,0,b'0\xe5\x86\x86'
539,102,1103,433,0,0,"b'15,444\xe5\x86\x86'"
540,102,1173,434,0,0,"b'8,300\xe5\x86\x86'"
541,102,1108,435,0,0,"b'5,080\xe5\x86\x86'"
542,102,1174,436,0,0,"b'7,124\xe5\x86\x86'"
543,102,1175,437,0,0,"b'6,700\xe5\x86\x86'"
544,102,312,438,0,0,"b'8,640\xe5\x86\x86'"
545,102,130,439,0,0,"b'6,480\xe5\x86\x86'"
546,102,233,440,0,0,"b'8,000\xe5\x86\x86'"
547,102,253,441,0,0,"b'8,640\xe5\x86\x86'"
548,102,1107,442,0,0,b''
549,102,223,443,0,0,"b'7,560\xe5\x86\x86'"
550,102,1177,444,0,0,"b'5,200\xe5\x86\x86'"
551,102,1176,445,0,0,"b'4,300\xe5\x86\x86'"
552,102,212,446,3,0,b''
553,102,267,447,0,0,"b'6,840\xe5\x86\x86'"
554,102,174,448,3,0,b''
555,102,222,452,0,0,"b'8,964\xe5\x86\x86'"
557,102,213,454,0,0,b''
558,33,1152,458,5,0,
559,33,348,353,0,0,
560,33,348,353,4,0,
561,33,348,353,2,0,
562,33,1131,358,0,0,
563,33,1131,358,2,0,
564,33,4110,345,3,0,
565,33,4110,459,1,0,
567,33,1131,461,1,0,
568,33,1185,462,1,0,
569,33,353,465,1,0,
570,33,353,465,1,0,
571,33,348,466,1,0,
572,33,4110,467,1,58,"b'40,00\xe5\x86\x86'"
573,33,4110,468,3,0,
576,102,1089,453,0,49,b''
577,102,1089,478,2,74,"b'4,900\xe5\x86\x86'"
578,102,310,479,0,43,"b'6,912\xe5\x86\x86'"
580,102,365,480,0,49,"b'6,340\xe5\x86\x86'"
581,102,1154,481,2,74,"b'3,000\xe5\x86\x86'"
582,102,1188,482,0,49,"b'12,688\xe5\x86\x86'"
585,102,304,483,0,55,"b'5,184\xe5\x86\x86'"
586,102,1189,485,0,43,"b'4,600\xe5\x86\x86'"
587,102,165,486,2,74,"b'4,900\xe5\x86\x86'"
588,33,4110,345,1,0,
589,33,1092,362,0,0,
590,33,1092,362,2,0,
593,33,4110,487,0,66,"b'1,200\xe5\x86\x86'"
594,33,4110,487,0,67,"b'147,258,963\xe5\x86\x86'"
595,33,4110,487,5,63,"b'1,100\xe5\x86\x86'"
597,33,1092,489,1,0,
598,33,1092,362,4,0,
599,33,1092,489,5,0,
600,33,4110,490,2,0,
601,33,1192,491,3,66,b'\xe5\x86\x86'
602,33,1192,491,0,0,
603,33,4110,490,5,0,
604,33,1191,488,0,0,
605,33,1191,488,5,0,
606,33,2958,494,0,0,
607,33,1117,495,0,0,b'\xe5\x86\x86'
608,33,1117,495,2,0,
609,33,1117,495,4,0,
610,33,1117,495,5,0,
611,33,1117,495,3,0,
612,33,1194,496,4,29,"b'2,300\xe5\x86\x86'"
613,33,1152,497,5,0,
614,33,1152,497,0,0,
615,33,4110,498,0,66,b''
619,33,1198,500,0,0,
620,33,1198,500,3,0,
621,33,1198,500,5,0,
622,33,1198,500,0,0,
623,33,1198,500,0,0,
624,33,1197,501,0,67,"b'12,000\xe5\x86\x86'"
625,33,1197,501,2,29,"b'5,000\xe5\x86\x86'"
626,33,1197,501,2,65,"b'1,300\xe5\x86\x86'"
627,33,1197,501,2,56,"b'3,300\xe5\x86\x86'"
628,33,1197,501,2,0,
629,33,1197,501,2,0,
630,33,1197,501,4,0,
632,33,1199,499,5,64,"b'2,500\xe5\x86\x86'"
633,33,1199,499,2,0,
634,33,4110,502,0,0,
635,33,1201,503,5,0,
636,33,1199,499,1,0,
637,33,4110,487,6,58,b'\xe5\x86\x86'
638,33,125,127,1,0,
639,33,1193,506,1,0,
640,33,1193,506,6,66,"b'1,30\xe5\x86\x86'"
641,33,2958,494,6,0,
642,33,4110,505,4,63,"b'2,300\xe5\x86\x86'"
643,33,1201,507,1,0,
644,33,1197,501,2,0,
645,33,1197,501,3,0,
646,33,1197,501,4,0,
647,33,1197,501,4,0,
648,33,1197,501,5,0,
649,33,1197,501,6,0,
650,33,1204,508,2,57,"b'6,900\xe5\x86\x86'"
651,33,1204,508,2,0,
652,33,1204,508,3,0,
653,33,1204,508,4,0,
654,33,1204,508,5,0,
655,33,1201,503,1,0,
656,33,1202,504,1,63,"b'2,100\xe5\x86\x86'"
657,33,1202,504,2,65,"b'123,456\xe5\x86\x86'"
658,33,1202,504,3,0,
659,33,1202,504,4,0,
660,102,1097,484,0,49,"b'8,648\xe5\x86\x86'"
661,102,214,509,0,43,"b'8,948\xe5\x86\x86'"
662,33,4110,510,1,67,"b'12,000\xe5\x86\x86'"
663,33,4110,510,3,65,"b'12,300\xe5\x86\x86'"
664,33,1201,511,3,0,
665,33,1204,512,1,63,"b'2,100\xe5\x86\x86'"
666,33,1204,512,5,0,
667,33,1183,513,1,0,
668,33,343,351,4,0,
669,33,4110,510,2,66,b''
670,33,4110,510,3,65,b''
671,33,4110,510,2,66,"b'4,500\xe5\x86\x86'"
672,33,4110,510,2,0,
674,102,288,515,0,55,"b'8,000\xe5\x86\x86'"
675,102,1138,516,0,43,"b'6,912\xe5\x86\x86'"
676,33,4110,510,2,0,
677,33,4110,510,2,0,
679,102,1206,518,2,74,"b'3,900\xe5\x86\x86'"
680,33,4110,510,4,0,
681,33,1199,519,3,67,"b'5,000\xe5\x86\x86'"
682,33,1199,519,2,0,
683,33,1199,519,4,0,
685,102,1104,517,5,49,"b'21,600\xe5\x86\x86'"
686,102,319,520,0,49,"b'9,404\xe5\x86\x86'"
687,33,1152,522,1,66,"b'2,000\xe5\x86\x86'"
688,102,207,523,0,49,"b'7,776\xe5\x86\x86'"
689,102,210,524,0,49,"b'9,396\xe5\x86\x86'"
691,102,223,525,0,43,b'324\xe5\x86\x86'
692,33,1152,522,2,64,"b'4,400\xe5\x86\x86'"
693,33,1209,526,6,65,b'100\xe5\x86\x86'
694,33,1220,527,2,66,b'200\xe5\x86\x86'
695,33,1215,528,3,62,b'600\xe5\x86\x86'
696,33,1219,529,2,67,b'200\xe5\x86\x86'
697,33,1216,530,1,67,b'400\xe5\x86\x86'
698,33,1212,531,1,67,b'150\xe5\x86\x86'
699,33,1207,532,1,32,b'100\xe5\x86\x86'
700,33,1211,533,2,66,b'100\xe5\x86\x86'
701,102,287,534,1,43,"b'5,500\xe5\x86\x86'"
702,102,1239,535,1,43,"b'7,556\xe5\x86\x86'"
703,33,1238,536,1,66,"b'1,000\xe5\x86\x86'"
704,33,1238,536,1,0,
705,102,1241,537,1,49,"b'8,300\xe5\x86\x86'"
706,102,1236,538,1,55,"b'5,180\xe5\x86\x86'"
707,102,1240,539,1,49,"b'8,872\xe5\x86\x86'"
709,102,197,540,1,49,"b'6,480\xe5\x86\x86'"
710,102,1243,541,1,43,"b'6,800\xe5\x86\x86'"
711,33,1238,536,2,0,
712,33,1237,542,2,0,
713,33,1237,542,5,0,
714,102,336,543,2,49,"b'7,560\xe5\x86\x86'"
715,33,1242,544,1,0,
717,33,1235,546,1,67,b''
718,33,1242,544,1,0,
719,33,1242,544,2,0,
720,33,1242,544,3,0,
721,33,1242,544,4,0,
722,33,1242,544,5,0,
723,33,1242,544,6,0,
731,33,1244,551,2,66,"b'3,333\xe5\x86\x86'"
732,33,1234,554,3,66,"b'4,000\xe5\x86\x86'"
733,33,1234,554,3,0,b''
734,102,316,556,1,43,"b'5,500\xe5\x86\x86'"
736,102,1098,555,1,55,"b'8,640\xe5\x86\x86'"
737,102,212,559,3,74,"b'4,500\xe5\x86\x86'"
738,102,283,560,1,49,"b'7,000\xe5\x86\x86'"
739,102,284,557,1,49,"b'6,804\xe5\x86\x86'"
740,102,294,561,1,43,"b'8,640\xe5\x86\x86'"
741,102,1245,562,1,49,"b'4,324\xe5\x86\x86'"
742,102,1135,563,1,55,"b'5,500\xe5\x86\x86'"
743,102,1246,564,1,43,"b'6,300\xe5\x86\x86'"
744,102,1156,565,3,74,"b'3,500\xe5\x86\x86'"
746,102,1156,565,1,49,b'0\xe5\x86\x86'
747,102,1171,566,1,55,b'324\xe5\x86\x86'
748,33,1244,567,1,67,"b'1,200\xe5\x86\x86'"
749,33,1244,567,2,67,b'25\xe5\x86\x86'
750,33,1244,567,1,65,"b'2,100\xe5\x86\x86'"
751,33,1244,567,2,67,b'\xe5\x86\x86'
752,33,347,568,2,67,"b'2,500\xe5\x86\x86'"
753,102,209,569,1,49,"b'8,640\xe5\x86\x86'"
754,102,1248,570,1,43,"b'6,500\xe5\x86\x86'"
756,102,1249,572,1,43,"b'4,800\xe5\x86\x86'"
757,102,1250,573,1,43,"b'4,800\xe5\x86\x86'"
759,102,1251,574,1,49,"b'4,300\xe5\x86\x86'"
760,102,1252,575,1,49,"b'6,800\xe5\x86\x86'"
761,102,203,576,1,49,"b'6,480\xe5\x86\x86'"
763,102,1253,577,1,43,"b'6,800\xe5\x86\x86'"
764,102,1254,578,1,49,"b'6,800\xe5\x86\x86'"
765,102,312,579,1,43,"b'8,067\xe5\x86\x86'"
766,102,190,580,1,49,"b'8,640\xe5\x86\x86'"
767,102,303,581,1,49,"b'8,756\xe5\x86\x86'"
768,33,1212,582,2,67,"b'4,545\xe5\x86\x86'"
769,33,1212,582,3,0,b''
770,33,4110,583,3,0,b''
771,33,1247,584,3,0,b''
772,102,173,585,1,49,"b'8,640\xe5\x86\x86'"
773,102,1122,586,1,49,"b'2,160\xe5\x86\x86'"
774,102,244,588,1,49,"b'15,120\xe5\x86\x86'"
775,33,1257,587,1,66,"b'5,300\xe5\x86\x86'"
776,33,1257,587,2,66,b'500\xe5\x86\x86'
777,33,1257,587,3,0,b''
778,33,1257,587,4,0,b''
779,33,1257,587,5,67,b'450\xe5\x86\x86'
780,33,1257,587,6,0,b''
781,33,4110,589,2,67,b'300\xe5\x86\x86'
782,33,4110,589,2,67,b'300\xe5\x86\x86'
783,33,4110,589,2,67,b'300\xe5\x86\x86'
784,33,4110,589,2,67,"b'1,111\xe5\x86\x86'"
785,33,1257,587,1,75,"b'6,876,987\xe5\x86\x86'"
786,33,1234,590,1,64,"b'2,500\xe5\x86\x86'"
787,33,1260,591,1,62,"b'6,700\xe5\x86\x86'"
788,33,1260,591,2,0,b''
789,33,1260,591,3,0,b''
790,33,1260,591,3,0,b''
791,33,1260,591,2,0,b''
792,33,1260,591,2,67,"b'2,300\xe5\x86\x86'"
793,102,1155,592,1,55,"b'8,640\xe5\x86\x86'"
794,102,189,593,1,49,"b'8,856\xe5\x86\x86'"
795,102,189,593,3,74,"b'3,500\xe5\x86\x86'"
796,102,1262,594,3,74,"b'3,000\xe5\x86\x86'"
797,102,269,595,1,49,"b'8,640\xe5\x86\x86'"
798,102,1263,596,1,49,"b'9,288\xe5\x86\x86'"
800,102,305,597,1,49,"b'6,480\xe5\x86\x86'"
801,102,1127,599,1,55,"b'8,640\xe5\x86\x86'"
802,102,1265,600,1,49,"b'7,016\xe5\x86\x86'"
803,102,211,601,1,49,"b'8,640\xe5\x86\x86'"
805,102,1266,602,1,43,"b'10,700\xe5\x86\x86'"
806,102,1166,603,3,74,"b'3,500\xe5\x86\x86'"
807,102,212,598,1,49,"b'8,208\xe5\x86\x86'"
808,102,1064,604,1,55,"b'7,560\xe5\x86\x86'"
809,102,217,605,1,49,"b'12,960\xe5\x86\x86'"
810,33,1229,607,2,67,b'\xe5\x86\x86'
811,102,1102,608,1,49,"b'12,552\xe5\x86\x86'"
812,102,208,609,1,49,"b'7,236\xe5\x86\x86'"
813,102,130,611,1,49,"b'10,364\xe5\x86\x86'"
814,102,1268,612,1,49,"b'6,800\xe5\x86\x86'"
815,102,165,613,1,43,"b'11,880\xe5\x86\x86'"
816,102,165,613,1,55,"b'7,560\xe5\x86\x86'"
817,102,1269,615,1,49,"b'7,772\xe5\x86\x86'"
818,102,243,616,1,49,"b'8,300\xe5\x86\x86'"
819,102,246,610,1,49,"b'5,680\xe5\x86\x86'"
820,102,1270,617,1,49,"b'5,184\xe5\x86\x86'"
821,102,1271,618,1,49,"b'8,549\xe5\x86\x86'"
822,102,1273,619,1,49,"b'6,800\xe5\x86\x86'"
823,102,309,620,1,43,"b'8,964\xe5\x86\x86'"
824,102,1272,621,1,49,"b'6,700\xe5\x86\x86'"
825,102,1274,622,1,43,"b'2,800\xe5\x86\x86'"
826,102,247,623,1,43,"b'6,480\xe5\x86\x86'"
827,102,271,624,1,49,"b'8,340\xe5\x86\x86'"
828,102,1275,625,1,49,"b'6,600\xe5\x86\x86'"
829,102,1276,627,1,55,"b'7,124\xe5\x86\x86'"
830,102,1156,628,1,49,"b'8,640\xe5\x86\x86'"
831,102,1278,629,1,43,"b'8,640\xe5\x86\x86'"
832,102,222,630,1,43,"b'8,640\xe5\x86\x86'"
833,102,324,631,1,49,"b'8,964\xe5\x86\x86'"
834,102,324,631,3,74,"b'4,900\xe5\x86\x86'"
835,102,1174,632,1,55,"b'5,940\xe5\x86\x86'"
836,102,291,633,1,55,"b'8,160\xe5\x86\x86'"
837,102,129,634,1,49,"b'6,480\xe5\x86\x86'"
838,102,129,634,1,43,"b'6,480\xe5\x86\x86'"
839,33,1226,635,1,60,"b'8,400\xe5\x86\x86'"
840,33,125,335,1,67,b'200\xe5\x86\x86'
841,33,125,335,6,66,"b'3,000\xe5\x86\x86'"
842,102,301,636,5,0,b''
844,102,301,636,5,49,"b'6,380\xe5\x86\x86'"
845,102,1283,638,1,49,"b'8,300\xe5\x86\x86'"
846,102,1283,638,1,43,"b'3,500\xe5\x86\x86'"
847,102,1283,638,1,55,"b'7,000\xe5\x86\x86'"
848,102,228,639,1,43,"b'5,980\xe5\x86\x86'"
849,102,229,642,1,43,"b'5,980\xe5\x86\x86'"
850,102,318,641,1,49,"b'6,480\xe5\x86\x86'"
851,33,1282,643,2,67,"b'3,000\xe5\x86\x86'"
852,102,1134,645,5,0,b''
853,102,1284,644,1,43,"b'7,672\xe5\x86\x86'"
854,102,1094,647,1,49,"b'7,560\xe5\x86\x86'"
855,102,223,648,1,43,"b'7,560\xe5\x86\x86'"
856,102,1130,649,1,49,"b'7,776\xe5\x86\x86'"
857,102,1171,650,1,43,"b'8,316\xe5\x86\x86'"
858,102,1286,651,1,55,"b'3,780\xe5\x86\x86'"
859,102,1285,646,1,55,"b'6,800\xe5\x86\x86'"
860,102,267,652,1,49,"b'5,832\xe5\x86\x86'"
861,102,1122,653,1,49,b'540\xe5\x86\x86'
862,102,1134,645,5,49,"b'18,360\xe5\x86\x86'"
863,102,212,654,3,74,"b'5,300\xe5\x86\x86'"
864,102,342,656,1,43,"b'2,160\xe5\x86\x86'"
865,102,255,655,6,49,"b'2,160\xe5\x86\x86'"
866,102,255,655,1,49,"b'7,776\xe5\x86\x86'"
867,102,1159,657,1,49,"b'8,640\xe5\x86\x86'"
868,102,214,658,1,43,"b'7,430\xe5\x86\x86'"
869,102,1292,659,3,74,"b'4,500\xe5\x86\x86'"
870,102,317,660,1,43,"b'6,380\xe5\x86\x86'"
871,102,1184,661,1,55,"b'5,500\xe5\x86\x86'"
872,102,1291,662,1,55,"b'7,020\xe5\x86\x86'"
873,102,1089,663,1,49,"b'6,156\xe5\x86\x86'"
874,102,1293,664,1,49,"b'4,800\xe5\x86\x86'"
875,102,323,665,1,49,"b'2,700\xe5\x86\x86'"
876,33,1226,666,2,63,"b'4,500\xe5\x86\x86'"
877,102,1294,667,1,55,"b'1,590\xe5\x86\x86'"
878,102,242,668,1,43,"b'7,776\xe5\x86\x86'"
879,102,327,669,1,55,"b'6,480\xe5\x86\x86'"
880,102,332,670,1,43,"b'7,776\xe5\x86\x86'"
881,102,130,671,1,49,"b'6,480\xe5\x86\x86'"
882,102,175,672,6,0,b''
883,102,175,672,2,49,"b'4,320\xe5\x86\x86'"
884,102,241,673,5,49,"b'5,400\xe5\x86\x86'"
885,102,204,674,1,43,"b'8,640\xe5\x86\x86'"
886,102,241,673,1,49,"b'6,480\xe5\x86\x86'"
887,102,1295,675,1,55,"b'15,752\xe5\x86\x86'"
888,102,1164,677,1,43,"b'6,580\xe5\x86\x86'"
889,102,1165,678,1,49,"b'8,640\xe5\x86\x86'"
890,102,162,676,1,43,"b'6,480\xe5\x86\x86'"
891,102,162,676,1,49,"b'7,020\xe5\x86\x86'"
892,102,159,679,1,55,"b'200,000\xe5\x86\x86'"
893,102,1189,680,1,49,"b'6,804\xe5\x86\x86'"
894,102,219,681,1,49,"b'6,480\xe5\x86\x86'"
895,33,1247,682,1,67,"b'\xc2\xa02,300\xe5\x86\x86'"
896,102,1271,683,6,49,"b'3,240\xe5\x86\x86'"
897,102,1133,684,5,43,b'0\xe5\x86\x86'
898,102,1133,684,1,43,"b'7,560\xe5\x86\x86'"
899,102,321,685,1,55,"b'7,560\xe5\x86\x86'"
900,102,312,687,1,55,"b'9,936\xe5\x86\x86'"
901,102,1297,688,1,43,"b'6,800\xe5\x86\x86'"
902,102,180,689,1,49,"b'8,640\xe5\x86\x86'"
903,102,181,690,1,49,"b'7,560\xe5\x86\x86'"
904,102,181,690,1,55,"b'7,000\xe5\x86\x86'"
905,102,252,691,1,49,"b'6,912\xe5\x86\x86'"
906,102,252,691,5,49,b'0\xe5\x86\x86'
907,102,1123,692,1,74,"b'3,000\xe5\x86\x86'"
908,33,1197,492,1,32,"b'2,300\xe5\x86\x86'"
909,102,336,695,1,49,"b'10,152\xe5\x86\x86'"
910,102,336,695,5,49,"b'2,160\xe5\x86\x86'"
911,102,1188,696,1,49,"b'14,958\xe5\x86\x86'"
912,102,1298,697,1,55,"b'3,500\xe5\x86\x86'"
913,102,1170,698,1,49,"b'9,288\xe5\x86\x86'"
914,102,244,699,1,49,"b'6,480\xe5\x86\x86'"
915,102,216,700,5,0,b''
916,102,233,701,1,49,"b'8,000\xe5\x86\x86'"
917,102,1274,702,1,49,b'0\xe5\x86\x86'
918,102,210,703,1,49,"b'11,664\xe5\x86\x86'"
919,102,1299,705,1,43,"b'6,800\xe5\x86\x86'"
920,102,316,706,1,43,"b'6,480\xe5\x86\x86'"
921,33,1197,707,2,67,b'\xe5\x86\x86'
923,33,1296,708,1,76,"b'6,876\xe5\x86\x86'"
924,102,212,709,1,49,"b'9,088\xe5\x86\x86'"
925,102,319,710,1,49,"b'12,276\xe5\x86\x86'"
926,102,253,704,1,49,"b'9,072\xe5\x86\x86'"
927,102,1119,712,5,49,"b'8,640\xe5\x86\x86'"
928,102,1300,713,1,43,"b'6,800\xe5\x86\x86'"
929,33,357,208,1,67,b'234\xe5\x86\x86'
930,102,176,714,6,49,"b'3,240\xe5\x86\x86'"
931,33,4110,711,1,67,"b'2,800\xe5\x86\x86'"
932,102,1301,716,1,43,"b'12,140\xe5\x86\x86'"
933,33,1197,718,1,67,"b'2,300\xe5\x86\x86'"
934,102,1175,719,1,49,"b'2,700\xe5\x86\x86'"
935,102,176,714,1,49,"b'7,900\xe5\x86\x86'"
936,102,1508,720,1,55,"b'4,104\xe5\x86\x86'"
937,102,1135,721,1,55,"b'5,832\xe5\x86\x86'"
939,33,1506,722,2,65,"b'3,200\xe5\x86\x86'"
940,102,283,723,1,49,"b'7,776\xe5\x86\x86'"
941,33,1722,724,2,0,b''
943,33,1193,730,1,65,"b'2,300\xe5\x86\x86'"
944,102,310,732,1,49,b'0\xe5\x86\x86'
945,102,2325,733,1,43,"b'6,500\xe5\x86\x86'"
946,102,174,734,1,49,"b'7,452\xe5\x86\x86'"
947,102,1097,735,1,49,"b'9,412\xe5\x86\x86'"
948,102,1250,736,1,43,"b'5,832\xe5\x86\x86'"
949,102,2327,737,3,74,"b'4,500\xe5\x86\x86'"
950,102,2326,738,1,55,"b'4,000\xe5\x86\x86'"
951,102,189,739,1,49,"b'7,776\xe5\x86\x86'"
952,102,189,739,3,74,"b'3,500\xe5\x86\x86'"
953,102,174,734,3,74,"b'3,240\xe5\x86\x86'"
954,33,4110,589,2,67,"b'2,130\xe5\x86\x86'"
955,33,4110,741,1,67,"b'4,300\xe5\x86\x86'"
956,102,254,742,1,55,"b'6,480\xe5\x86\x86'"
957,102,2328,743,1,43,"b'6,756\xe5\x86\x86'"
958,102,178,744,6,49,"b'140,000\xe5\x86\x86'"
959,102,1155,746,1,55,"b'7,776\xe5\x86\x86'"
960,102,1269,747,1,43,"b'7,800\xe5\x86\x86'"
961,102,269,748,3,74,"b'3,500\xe5\x86\x86'"
962,102,1089,750,3,74,"b'3,500\xe5\x86\x86'"
963,102,269,748,1,49,"b'7,776\xe5\x86\x86'"
965,102,178,744,1,49,"b'8,964\xe5\x86\x86'"
966,33,4110,745,1,67,b'100\xe5\x86\x86'
967,33,1193,752,1,32,b'300\xe5\x86\x86'
968,33,1919,753,3,67,b'10\xe5\x86\x86'
969,33,143,754,1,67,b'20\xe5\x86\x86'
970,33,143,754,6,64,b'35\xe5\x86\x86'
971,33,143,754,2,65,"b'1,000\xe5\x86\x86'"
972,102,1103,755,6,0,b''
973,102,178,571,1,49,"b'8,640\xe5\x86\x86'"
974,102,1103,756,6,49,b'1\xe5\x86\x86'
975,102,1103,244,6,49,b'1\xe5\x86\x86'
977,102,2330,758,1,55,"b'4,000\xe5\x86\x86'"
978,102,2331,759,1,49,"b'6,800\xe5\x86\x86'"
979,102,265,757,3,74,"b'4,900\xe5\x86\x86'"
980,102,2393,760,1,43,"b'8,040\xe5\x86\x86'"
981,102,2414,763,3,74,"b'4,900\xe5\x86\x86'"
982,102,1064,762,1,43,"b'6,264\xe5\x86\x86'"
983,102,2505,764,1,55,"b'6,800\xe5\x86\x86'"
984,102,213,767,1,49,"b'8,964\xe5\x86\x86'"
985,102,1154,768,3,74,"b'4,000\xe5\x86\x86'"
986,102,207,771,1,49,"b'6,998\xe5\x86\x86'"
987,102,1103,772,1,49,"b'8,100\xe5\x86\x86'"
988,102,1103,772,6,49,"b'2,160\xe5\x86\x86'"
989,102,1103,772,6,49,b'0\xe5\x86\x86'
990,102,1241,770,1,49,"b'7,400\xe5\x86\x86'"
991,102,284,776,1,49,"b'7,020\xe5\x86\x86'"
992,102,294,778,3,74,"b'6,400\xe5\x86\x86'"
993,33,4110,780,2,65,"b'3,434\xe5\x86\x86'"
994,102,165,781,1,49,"b'11,880\xe5\x86\x86'"
995,102,216,782,5,0,b''
996,102,197,784,1,49,"b'7,560\xe5\x86\x86'"
997,102,267,786,1,49,b'0\xe5\x86\x86'
998,102,294,778,1,49,"b'3,240\xe5\x86\x86'"
999,102,203,774,1,49,"b'6,480\xe5\x86\x86'"
1000,102,203,774,2,49,"b'3,240\xe5\x86\x86'"
1006,102,287,787,1,49,"b'6,480\xe5\x86\x86'"
1007,102,2515,788,1,55,"b'6,480\xe5\x86\x86'"
1008,102,218,789,1,55,"b'2,700\xe5\x86\x86'"
1009,102,1270,790,1,49,"b'6,912\xe5\x86\x86'"
1010,102,1271,791,1,49,"b'7,776\xe5\x86\x86'"
1011,102,1119,792,1,49,"b'8,640\xe5\x86\x86'"
1012,102,1272,793,1,55,"b'7,776\xe5\x86\x86'"
1013,102,1239,794,1,43,"b'8,640\xe5\x86\x86'"
1014,102,255,102,6,49,b'1\xe5\x86\x86'
1015,102,327,797,1,43,b'0\xe5\x86\x86'
1016,102,2523,798,1,43,"b'7,200\xe5\x86\x86'"
1017,102,1124,799,1,49,"b'8,640\xe5\x86\x86'"
1018,102,1268,800,1,49,"b'5,660\xe5\x86\x86'"
1019,102,2501,801,3,74,"b'3,000\xe5\x86\x86'"
1020,102,271,802,1,49,"b'8,640\xe5\x86\x86'"
1021,102,1249,803,1,55,"b'6,440\xe5\x86\x86'"
1022,102,305,804,1,55,"b'6,480\xe5\x86\x86'"
1023,102,183,805,1,49,"b'8,000\xe5\x86\x86'"
1024,102,2525,806,1,49,"b'4,800\xe5\x86\x86'"
1025,102,1132,807,1,49,"b'8,300\xe5\x86\x86'"
1026,102,1132,807,5,49,"b'2,160\xe5\x86\x86'"
1027,102,1108,808,1,55,"b'6,260\xe5\x86\x86'"
1028,102,1156,809,1,49,"b'7,560\xe5\x86\x86'"
1029,102,178,811,3,74,"b'3,500\xe5\x86\x86'"
1030,102,2526,812,3,74,"b'3,500\xe5\x86\x86'"
1031,102,2527,813,1,55,"b'4,624\xe5\x86\x86'"
1032,102,2528,815,3,74,"b'4,500\xe5\x86\x86'"
1033,102,2518,816,3,74,"b'3,000\xe5\x86\x86'"
1034,102,217,817,1,49,"b'13,392\xe5\x86\x86'"
1035,33,143,785,2,65,"b'1,000\xe5\x86\x86'"
1036,102,173,818,1,49,b'0\xe5\x86\x86'
1038,33,143,814,2,65,b'100\xe5\x86\x86'
1039,33,4017,820,2,65,b'670\xe5\x86\x86'
1040,33,143,766,1,65,"b'4,543\xe5\x86\x86'"
1041,102,172,317,1,49,"b'9,288\xe5\x86\x86'"
1042,102,135,822,1,55,"b'8,640\xe5\x86\x86'"
1043,102,1254,823,1,55,"b'8,300\xe5\x86\x86'"
1044,33,143,824,2,65,b'122\xe5\x86\x86'
1045,102,2529,826,3,74,"b'4,900\xe5\x86\x86'"
1046,102,324,825,3,74,"b'4,500\xe5\x86\x86'"
1047,102,2530,827,1,55,"b'5,880\xe5\x86\x86'"
1048,102,324,825,1,49,"b'8,640\xe5\x86\x86'"
1049,102,1127,829,1,49,"b'8,640\xe5\x86\x86'"
1050,102,1102,830,1,49,"b'8,300\xe5\x86\x86'"
1051,33,143,686,2,65,b'222\xe5\x86\x86'
1052,33,143,686,2,32,b'111\xe5\x86\x86'
1053,33,143,686,4,67,b'100\xe5\x86\x86'
1054,102,303,831,1,55,"b'8,100\xe5\x86\x86'"
1055,102,1292,832,3,74,"b'3,500\xe5\x86\x86'"
1056,33,143,814,2,65,b'100\xe5\x86\x86'
1057,102,267,833,1,49,"b'6,156\xe5\x86\x86'"
1058,102,1285,834,1,49,"b'5,800\xe5\x86\x86'"
1059,102,1243,835,1,49,"b'2,440\xe5\x86\x86'"
1060,102,223,836,1,49,"b'6,804\xe5\x86\x86'"
1061,102,1184,837,1,55,"b'4,860\xe5\x86\x86'"
1062,102,2531,838,1,49,"b'8,340\xe5\x86\x86'"
1063,102,2532,840,1,55,"b'4,300\xe5\x86\x86'"
1064,102,309,841,1,43,"b'8,640\xe5\x86\x86'"
1065,102,1298,842,1,55,"b'4,800\xe5\x86\x86'"
1066,102,1130,843,1,43,"b'8,640\xe5\x86\x86'"
1067,102,1130,843,6,74,"b'11,340\xe5\x86\x86'"
1068,102,2533,844,3,74,"b'4,900\xe5\x86\x86'"
1069,102,2534,845,1,43,"b'4,300\xe5\x86\x86'"
1070,102,1173,847,1,49,"b'8,300\xe5\x86\x86'"
1071,102,175,848,1,49,"b'9,504\xe5\x86\x86'"
1072,102,332,849,1,49,"b'8,100\xe5\x86\x86'"
1073,102,219,850,1,49,"b'5,832\xe5\x86\x86'"
1074,102,1089,851,1,49,"b'7,290\xe5\x86\x86'"
1075,102,244,852,1,49,"b'18,360\xe5\x86\x86'"
1076,102,244,852,1,43,"b'6,480\xe5\x86\x86'"
1077,102,1189,853,1,43,"b'6,372\xe5\x86\x86'"
1078,102,204,854,1,49,"b'8,424\xe5\x86\x86'"
1079,102,1134,855,1,55,"b'8,640\xe5\x86\x86'"
1081,102,312,856,1,55,"b'8,640\xe5\x86\x86'"
1082,102,209,857,1,55,"b'10,800\xe5\x86\x86'"
1083,33,143,858,1,32,"b'1,200\xe5\x86\x86'"
1084,33,143,824,2,64,"b'1,000\xe5\x86\x86'"
1085,102,2508,859,1,49,"b'8,300\xe5\x86\x86'"
1086,102,308,860,1,49,"b'7,676\xe5\x86\x86'"
1087,102,312,856,1,49,"b'7,776\xe5\x86\x86'"
1088,33,143,819,1,64,"b'10,000\xe5\x86\x86'"
1089,33,143,819,1,64,"b'20,000\xe5\x86\x86'"
1090,33,4110,862,2,64,"b'5,000\xe5\x86\x86'"
1091,33,4110,862,1,64,"b'5,000\xe5\x86\x86'"
1092,33,4110,862,2,65,"b'10,000\xe5\x86\x86'"
1093,33,4110,862,2,64,"b'10,000\xe5\x86\x86'"
1094,33,2514,863,2,65,"b'5,000\xe5\x86\x86'"
1095,33,4110,745,1,65,"b'10,000\xe5\x86\x86'"
1096,33,4110,864,2,65,"b'2,100\xe5\x86\x86'"
1097,102,207,866,1,49,b'0\xe5\x86\x86'
1098,102,190,867,1,55,"b'10,160\xe5\x86\x86'"
1099,102,318,868,1,55,"b'6,480\xe5\x86\x86'"
1100,102,2535,865,3,74,"b'4,900\xe5\x86\x86'"
1101,102,1174,869,1,49,"b'6,804\xe5\x86\x86'"
1102,102,2536,870,1,49,"b'8,640\xe5\x86\x86'"
1103,102,212,872,1,49,"b'17,844\xe5\x86\x86'"
1104,102,212,872,1,55,"b'3,500\xe5\x86\x86'"
1105,102,1188,873,1,49,"b'6,480\xe5\x86\x86'"
1106,102,1269,875,1,55,"b'7,776\xe5\x86\x86'"
1107,102,1286,876,1,55,"b'3,780\xe5\x86\x86'"
1108,102,297,874,1,49,"b'7,560\xe5\x86\x86'"
1109,102,297,874,3,74,"b'4,500\xe5\x86\x86'"
1110,102,1171,877,1,55,"b'8,300\xe5\x86\x86'"
1113,102,1134,880,5,49,"b'18,360\xe5\x86\x86'"
1114,102,211,881,1,43,"b'7,776\xe5\x86\x86'"
1116,102,165,882,5,49,"b'2,160\xe5\x86\x86'"
1117,102,165,882,1,49,"b'6,480\xe5\x86\x86'"
1118,102,1250,883,1,43,"b'5,832\xe5\x86\x86'"
1119,102,211,769,1,43,"b'8,640\xe5\x86\x86'"
1120,33,4110,864,1,64,"b'5,600\xe5\x86\x86'"
1121,33,4110,864,1,64,b'111\xe5\x86\x86'
1122,33,4110,864,1,64,b'111\xe5\x86\x86'
1123,33,4110,864,2,64,b'100\xe5\x86\x86'
1124,102,165,879,5,49,b'1\xe5\x86\x86'
1125,102,2538,884,1,43,"b'8,640\xe5\x86\x86'"
1126,102,2537,885,1,55,"b'5,800\xe5\x86\x86'"
1127,102,1278,886,1,43,"b'8,640\xe5\x86\x86'"
1128,102,162,887,1,49,"b'7,160\xe5\x86\x86'"
1129,102,162,887,1,55,"b'6,480\xe5\x86\x86'"
1130,102,183,888,1,49,"b'6,480\xe5\x86\x86'"
1131,102,183,888,1,55,"b'3,500\xe5\x86\x86'"
1132,102,255,889,1,49,"b'8,640\xe5\x86\x86'"
1133,102,1300,890,1,49,"b'7,800\xe5\x86\x86'"
1134,102,1273,891,1,49,"b'6,480\xe5\x86\x86'"
1135,102,316,892,1,43,"b'6,480\xe5\x86\x86'"
1136,102,1274,893,1,55,"b'6,480\xe5\x86\x86'"
1137,102,1135,894,1,49,"b'6,480\xe5\x86\x86'"
1138,102,1159,895,1,49,"b'8,640\xe5\x86\x86'"
1139,102,130,896,1,49,"b'6,480\xe5\x86\x86'"
1140,102,1300,897,6,43,"b'8,640\xe5\x86\x86'"
1141,102,1188,898,1,55,b'0\xe5\x86\x86'
1142,102,2543,900,3,74,"b'4,900\xe5\x86\x86'"
1143,102,2505,903,1,55,"b'7,800\xe5\x86\x86'"
1144,102,1094,904,1,49,"b'7,560\xe5\x86\x86'"
1145,102,2544,902,3,74,"b'4,900\xe5\x86\x86'"
1146,102,1263,899,1,49,"b'7,884\xe5\x86\x86'"
1147,102,317,901,1,49,"b'6,280\xe5\x86\x86'"
1148,102,294,905,3,74,"b'8,000\xe5\x86\x86'"
1149,102,233,906,1,49,"b'8,000\xe5\x86\x86'"
1150,102,229,908,1,43,"b'6,480\xe5\x86\x86'"
1151,102,2508,909,1,43,b'0\xe5\x86\x86'
1152,102,1102,907,1,49,"b'8,624\xe5\x86\x86'"
1153,102,1102,907,3,74,"b'6,400\xe5\x86\x86'"
1154,102,180,910,1,49,"b'8,300\xe5\x86\x86'"
1155,102,2545,911,1,43,"b'1,512\xe5\x86\x86'"
1156,102,2545,911,1,43,"b'7,800\xe5\x86\x86'"
1157,102,2546,912,1,43,"b'8,640\xe5\x86\x86'"
1158,102,287,915,1,55,"b'7,020\xe5\x86\x86'"
1159,102,253,916,1,43,"b'8,640\xe5\x86\x86'"
1160,102,176,917,5,49,"b'16,320\xe5\x86\x86'"
1161,102,2550,919,1,43,b'540\xe5\x86\x86'
1162,102,1241,920,1,49,"b'8,300\xe5\x86\x86'"
1163,102,1145,921,3,74,"b'3,300\xe5\x86\x86'"
1164,102,2547,922,1,43,"b'7,800\xe5\x86\x86'"
1165,102,2515,923,1,55,"b'5,780\xe5\x86\x86'"
1166,102,319,924,1,49,"b'11,340\xe5\x86\x86'"
1167,102,310,925,1,49,"b'8,040\xe5\x86\x86'"
1168,102,1291,914,1,49,"b'8,100\xe5\x86\x86'"
1169,102,252,926,1,49,"b'8,640\xe5\x86\x86'"
1170,102,1508,927,1,55,"b'3,780\xe5\x86\x86'"
1171,102,1165,928,1,49,"b'8,640\xe5\x86\x86'"
1172,102,324,929,3,74,"b'3,500\xe5\x86\x86'"
1174,33,4110,931,2,64,"b'2,000\xe5\x86\x86'"
1175,102,2551,932,1,55,"b'7,600\xe5\x86\x86'"
1176,102,1270,933,1,49,"b'6,912\xe5\x86\x86'"
1177,102,269,934,1,49,"b'8,640\xe5\x86\x86'"
1178,102,269,934,3,74,"b'3,500\xe5\x86\x86'"
1179,102,214,930,1,49,"b'10,160\xe5\x86\x86'"
1180,102,1249,938,1,55,"b'6,000\xe5\x86\x86'"
1183,102,1188,935,1,55,b'756\xe5\x86\x86'
1184,102,2525,937,1,55,"b'6,804\xe5\x86\x86'"
1185,102,174,940,3,74,"b'4,500\xe5\x86\x86'"
1186,102,1132,941,1,49,"b'7,776\xe5\x86\x86'"
1187,102,2554,942,1,55,"b'4,800\xe5\x86\x86'"
1188,102,2555,943,3,74,"b'3,500\xe5\x86\x86'"
1189,102,1097,944,1,49,"b'9,380\xe5\x86\x86'"
1190,102,174,940,1,49,"b'6,804\xe5\x86\x86'"
1191,102,1188,935,4,49,"b'3,240\xe5\x86\x86'"
1192,102,1119,945,4,49,"b'12,960\xe5\x86\x86'"
1193,102,283,936,1,49,"b'8,748\xe5\x86\x86'"
1194,102,245,946,3,74,b'0\xe5\x86\x86'
1195,102,179,947,1,49,"b'7,560\xe5\x86\x86'"
1196,102,2556,948,1,55,"b'5,300\xe5\x86\x86'"
1197,102,178,949,1,49,"b'8,640\xe5\x86\x86'"
1198,102,2560,950,3,74,"b'4,900\xe5\x86\x86'"
1199,102,165,952,1,55,"b'7,452\xe5\x86\x86'"
1200,102,324,953,1,49,"b'6,480\xe5\x86\x86'"
1201,102,2558,954,3,74,"b'3,500\xe5\x86\x86'"
1202,102,189,951,1,55,"b'6,480\xe5\x86\x86'"
1203,102,189,951,3,74,"b'3,500\xe5\x86\x86'"
1204,102,2559,955,1,49,"b'7,448\xe5\x86\x86'"
1205,102,204,956,1,49,"b'10,260\xe5\x86\x86'"
1206,102,2527,957,1,49,"b'5,500\xe5\x86\x86'"
1207,102,219,958,3,74,"b'3,500\xe5\x86\x86'"
1208,102,2563,960,3,74,"b'3,500\xe5\x86\x86'"
1209,102,2564,961,3,74,"b'3,500\xe5\x86\x86'"
1210,102,1170,962,1,49,"b'10,368\xe5\x86\x86'"
1211,102,2562,963,1,55,"b'5,000\xe5\x86\x86'"
1212,102,2566,964,3,74,"b'3,000\xe5\x86\x86'"
1213,102,2565,965,1,55,"b'5,200\xe5\x86\x86'"
1214,102,2568,968,1,49,"b'6,480\xe5\x86\x86'"
1215,102,176,967,1,49,"b'8,300\xe5\x86\x86'"
1216,102,241,966,1,49,"b'8,300\xe5\x86\x86'"
1217,102,241,966,2,49,"b'7,560\xe5\x86\x86'"
1219,33,2572,970,4,65,"b'2,555\xe5\x86\x86'"
1220,102,254,972,1,55,"b'7,560\xe5\x86\x86'"
1221,102,2331,974,1,49,"b'9,288\xe5\x86\x86'"
1222,102,2331,974,1,55,"b'6,480\xe5\x86\x86'"
1223,102,2331,974,3,74,"b'3,500\xe5\x86\x86'"
1224,102,1155,975,1,49,"b'8,640\xe5\x86\x86'"
1225,102,1106,977,1,49,"b'6,480\xe5\x86\x86'"
1226,102,1064,976,1,55,"b'5,832\xe5\x86\x86'"
1227,102,2536,978,1,55,"b'2,740\xe5\x86\x86'"
1228,102,1124,979,1,49,"b'8,640\xe5\x86\x86'"
1229,102,203,980,1,49,"b'7,560\xe5\x86\x86'"
1230,102,228,981,1,49,"b'7,776\xe5\x86\x86'"
1231,102,228,981,1,55,"b'7,840\xe5\x86\x86'"
1232,33,143,858,7,64,"b'2,000\xe5\x86\x86'"
1233,102,1173,984,1,55,"b'7,776\xe5\x86\x86'"
1234,102,1184,982,3,74,"b'4,900\xe5\x86\x86'"
1235,102,305,985,1,55,"b'6,804\xe5\x86\x86'"
1236,102,1184,982,1,49,"b'6,912\xe5\x86\x86'"
1237,102,1184,982,1,49,"b'5,832\xe5\x86\x86'"
1238,102,284,983,1,49,"b'8,208\xe5\x86\x86'"
1239,102,223,986,1,49,"b'5,832\xe5\x86\x86'"
1240,102,2531,987,1,49,"b'7,776\xe5\x86\x86'"
1241,102,267,988,1,49,"b'7,236\xe5\x86\x86'"
1242,102,219,989,1,49,"b'5,832\xe5\x86\x86'"
1243,102,284,983,3,74,"b'3,500\xe5\x86\x86'"
1244,102,1121,990,1,55,"b'4,752\xe5\x86\x86'"
1245,102,1089,994,1,49,"b'7,776\xe5\x86\x86'"
1246,102,1089,994,3,74,"b'4,500\xe5\x86\x86'"
1247,102,2515,995,3,74,"b'3,500\xe5\x86\x86'"
1248,102,2582,997,1,55,"b'12,120\xe5\x86\x86'"
1250,102,2534,998,1,49,"b'7,776\xe5\x86\x86'"
1251,102,1239,999,1,49,"b'8,640\xe5\x86\x86'"
1252,102,321,996,1,49,"b'6,480\xe5\x86\x86'"
1253,102,2532,993,1,55,"b'4,680\xe5\x86\x86'"
1254,102,246,1000,1,49,"b'6,480\xe5\x86\x86'"
1255,102,1098,1001,1,55,"b'16,020\xe5\x86\x86'"
1256,102,271,1002,1,49,"b'8,640\xe5\x86\x86'"
1257,102,1292,1003,3,74,"b'3,500\xe5\x86\x86'"
1258,102,175,1004,1,49,"b'7,776\xe5\x86\x86'"
1259,102,1130,1005,1,55,"b'6,912\xe5\x86\x86'"
1260,102,2588,1006,3,74,"b'3,500\xe5\x86\x86'"
1261,102,2518,1007,3,74,"b'3,000\xe5\x86\x86'"
1262,102,197,1008,1,49,"b'7,560\xe5\x86\x86'"
1263,102,217,1009,1,49,"b'12,960\xe5\x86\x86'"
1264,102,212,1010,1,49,"b'10,368\xe5\x86\x86'"
1265,102,2590,1013,1,55,"b'5,300\xe5\x86\x86'"
1267,102,2594,1016,1,49,"b'5,300\xe5\x86\x86'"
1268,102,332,1017,1,49,"b'8,300\xe5\x86\x86'"
1269,102,2595,1018,1,55,"b'5,000\xe5\x86\x86'"
1270,33,2589,1019,7,64,"b'1,000\xe5\x86\x86'"
1271,102,2596,1021,1,49,"b'6,400\xe5\x86\x86'"
1272,33,2589,1019,8,64,"b'3,000\xe5\x86\x86'"
1273,33,2589,1019,8,64,"b'3,000\xe5\x86\x86'"
1274,102,130,1022,1,49,b'0\xe5\x86\x86'
1275,33,2589,1019,8,32,"b'2,000\xe5\x86\x86'"
1276,102,2597,1023,1,49,"b'5,660\xe5\x86\x86'"
1277,102,2593,1015,1,55,"b'4,800\xe5\x86\x86'"
1278,102,173,1014,1,49,b'0\xe5\x86\x86'
1279,102,2599,1026,3,74,"b'3,500\xe5\x86\x86'"
1280,102,2605,1025,3,74,"b'4,900\xe5\x86\x86'"
1281,102,1189,1027,1,49,"b'6,480\xe5\x86\x86'"
1283,102,2602,1030,3,74,"b'4,500\xe5\x86\x86'"
1284,102,2601,1031,3,74,"b'3,500\xe5\x86\x86'"
1285,102,312,1029,1,55,"b'9,936\xe5\x86\x86'"
1286,102,2604,1033,1,49,"b'8,880\xe5\x86\x86'"
1287,102,2600,1028,1,49,"b'7,040\xe5\x86\x86'"
1288,102,181,1032,1,49,"b'8,640\xe5\x86\x86'"
1289,102,309,1034,1,49,"b'8,640\xe5\x86\x86'"
1291,102,2606,1038,1,55,"b'7,260\xe5\x86\x86'"
1292,102,1127,1039,1,49,"b'8,640\xe5\x86\x86'"
1294,102,1108,1040,1,55,"b'4,380\xe5\x86\x86'"
1295,102,1174,1041,1,55,"b'6,480\xe5\x86\x86'"
1296,102,1119,1042,1,49,"b'8,640\xe5\x86\x86'"
1297,102,2607,1043,1,49,"b'4,800\xe5\x86\x86'"
1298,33,2609,1044,8,64,"b'1,000\xe5\x86\x86'"
1299,102,2608,1045,1,49,"b'7,600\xe5\x86\x86'"
1300,102,2610,1046,1,55,"b'4,300\xe5\x86\x86'"
1301,102,1275,1047,1,49,"b'8,640\xe5\x86\x86'"
1302,102,1135,1048,1,49,"b'6,800\xe5\x86\x86'"
1303,102,2612,1049,1,49,"b'6,800\xe5\x86\x86'"
1304,102,2534,1050,1,55,"b'5,832\xe5\x86\x86'"
1305,102,1135,1051,1,55,"b'5,832\xe5\x86\x86'"
1306,102,1098,1052,1,49,"b'2,160\xe5\x86\x86'"
1307,102,2522,1053,1,55,"b'6,800\xe5\x86\x86'"
1308,102,288,1054,1,49,"b'8,324\xe5\x86\x86'"
1309,102,211,1055,1,49,"b'7,776\xe5\x86\x86'"
1310,102,2616,1056,1,55,"b'4,200\xe5\x86\x86'"
1311,102,209,1057,1,49,"b'8,640\xe5\x86\x86'"
1312,102,2614,1058,1,55,"b'5,740\xe5\x86\x86'"
1313,102,2615,1059,1,49,"b'6,812\xe5\x86\x86'"
1314,102,2545,1061,1,55,"b'7,776\xe5\x86\x86'"
1315,102,319,1062,1,49,"b'12,520\xe5\x86\x86'"
1316,102,1171,1063,1,55,"b'6,480\xe5\x86\x86'"
1317,102,207,1064,1,49,"b'6,480\xe5\x86\x86'"
1318,102,2618,1065,1,49,"b'9,272\xe5\x86\x86'"
1319,102,244,1066,1,49,"b'6,480\xe5\x86\x86'"
1320,102,244,1066,1,55,"b'6,480\xe5\x86\x86'"
1321,102,244,1066,5,49,"b'12,960\xe5\x86\x86'"
1322,102,2505,1067,1,49,"b'6,480\xe5\x86\x86'"
1323,102,135,1068,1,55,"b'8,964\xe5\x86\x86'"
1324,102,135,1068,5,49,"b'2,160\xe5\x86\x86'"
1325,102,228,1069,1,49,b'0\xe5\x86\x86'
1326,102,2623,1073,3,74,"b'3,400\xe5\x86\x86'"
1327,102,210,1071,1,49,"b'13,284\xe5\x86\x86'"
1328,102,210,1071,3,74,"b'6,400\xe5\x86\x86'"
1329,102,2621,1074,1,49,"b'7,800\xe5\x86\x86'"
1330,102,1104,1075,5,49,"b'2,160\xe5\x86\x86'"
1331,102,1104,1075,2,49,"b'19,440\xe5\x86\x86'"
1332,102,255,1076,1,49,"b'8,640\xe5\x86\x86'"
1333,102,2627,1077,1,55,"b'4,200\xe5\x86\x86'"
1334,102,324,1078,3,74,"b'3,500\xe5\x86\x86'"
1335,102,324,1078,1,49,"b'6,804\xe5\x86\x86'"
1336,102,1110,1079,1,55,"b'7,900\xe5\x86\x86'"
1337,102,2628,1080,1,49,"b'6,480\xe5\x86\x86'"
1338,102,1270,1081,1,49,"b'6,912\xe5\x86\x86'"
1339,102,1094,1082,1,49,"b'5,560\xe5\x86\x86'"
1340,102,316,1089,1,49,"b'6,480\xe5\x86\x86'"
1341,102,2525,1090,1,55,"b'5,832\xe5\x86\x86'"
1342,102,283,1092,1,49,"b'6,300\xe5\x86\x86'"
1343,102,242,1094,1,55,"b'8,000\xe5\x86\x86'"
1344,102,2621,1093,3,74,"b'4,500\xe5\x86\x86'"
1345,102,213,1095,1,49,"b'8,040\xe5\x86\x86'"
1346,102,2631,1097,3,74,"b'7,500\xe5\x86\x86'"
1347,102,1300,1098,1,55,"b'8,300\xe5\x86\x86'"
1348,102,2527,1096,1,49,"b'5,832\xe5\x86\x86'"
1349,102,243,1100,1,49,"b'8,300\xe5\x86\x86'"
1350,102,2632,1099,3,74,"b'3,500\xe5\x86\x86'"
1351,102,1123,1101,1,55,"b'3,000\xe5\x86\x86'"
1352,102,2633,1102,1,55,"b'2,500\xe5\x86\x86'"
1353,102,269,1103,1,49,"b'7,020\xe5\x86\x86'"
1354,102,269,1103,3,74,"b'3,500\xe5\x86\x86'"
1355,102,2556,1104,1,55,"b'5,832\xe5\x86\x86'"
1356,102,189,1105,1,55,"b'6,032\xe5\x86\x86'"
1357,102,189,1105,5,74,"b'2,160\xe5\x86\x86'"
1358,102,189,1105,3,74,"b'3,500\xe5\x86\x86'"
1359,102,178,1106,1,49,"b'8,640\xe5\x86\x86'"
1360,102,180,1108,1,49,"b'8,640\xe5\x86\x86'"
1361,102,179,1109,1,49,"b'6,480\xe5\x86\x86'"
1362,102,162,1112,1,49,"b'7,560\xe5\x86\x86'"
1363,102,1206,1111,3,74,"b'5,400\xe5\x86\x86'"
1364,102,2565,1113,1,49,"b'6,156\xe5\x86\x86'"
1365,102,1089,1110,1,49,"b'7,776\xe5\x86\x86'"
1366,102,2634,1114,3,74,"b'4,000\xe5\x86\x86'"
1367,102,219,1115,1,49,"b'5,346\xe5\x86\x86'"
1368,102,294,1117,3,74,"b'2,000\xe5\x86\x86'"
1370,102,1102,1116,1,49,"b'6,480\xe5\x86\x86'"
1371,102,1102,1116,3,49,"b'3,500\xe5\x86\x86'"
1373,33,143,1085,8,64,"b'5,566\xe5\x86\x86'"
1374,102,130,1118,1,55,"b'6,480\xe5\x86\x86'"
1375,102,233,1119,1,49,"b'8,000\xe5\x86\x86'"
1376,102,223,1120,1,55,"b'11,276\xe5\x86\x86'"
1377,102,2635,1121,1,49,"b'10,000\xe5\x86\x86'"
1378,102,1159,1122,1,49,"b'8,640\xe5\x86\x86'"
1379,102,287,1124,1,55,"b'6,480\xe5\x86\x86'"
1380,102,287,1124,3,74,"b'3,500\xe5\x86\x86'"
1382,102,1165,1126,1,49,"b'8,640\xe5\x86\x86'"
1383,33,4110,1036,8,64,"b'2,318'"
1384,33,4110,1037,7,65,"b'1,236'"
1385,102,2637,1127,1,55,"b'7,800\xe5\x86\x86'"
1387,33,140,189,9,64,"b'4,346'"
1389,102,204,1128,1,49,"b'8,640\xe5\x86\x86'"
1390,102,1241,1129,1,49,"b'7,724\xe5\x86\x86'"
1391,102,2636,1123,3,74,"b'4,900\xe5\x86\x86'"
1392,102,2528,1125,3,74,"b'4,500\xe5\x86\x86'"
1393,33,4110,1130,8,32,b'963'
1395,102,253,1131,1,49,"b'8,640\xe5\x86\x86'"
1397,102,1170,1132,1,49,"b'9,288\xe5\x86\x86'"
1398,102,2535,1134,3,74,"b'3,500\xe5\x86\x86'"
1400,33,140,196,9,64,"b'1,331'"
1401,33,143,1135,9,64,"b'1,331'"
1402,33,143,858,9,64,"b'1,331'"
1404,102,310,1136,1,49,"b'8,640\xe5\x86\x86'"
1405,102,203,1137,1,55,"b'6,480\xe5\x86\x86'"
1406,102,1239,1138,1,55,"b'6,480\xe5\x86\x86'"
1407,102,1239,1138,1,49,"b'7,776\xe5\x86\x86'"
1408,102,284,1139,1,49,"b'5,832\xe5\x86\x86'"
1409,102,318,1140,1,55,"b'6,480\xe5\x86\x86'"
1410,102,1064,1141,1,55,"b'10,800\xe5\x86\x86'"
1411,102,1155,1142,1,49,"b'3,240\xe5\x86\x86'"
1412,102,2639,1143,1,49,"b'7,800\xe5\x86\x86'"
1413,102,246,1144,1,49,"b'6,480\xe5\x86\x86'"
1414,102,2647,1145,1,55,"b'7,560\xe5\x86\x86'"
1415,102,2648,1146,3,74,"b'6,400\xe5\x86\x86'"
1416,102,175,1147,1,49,"b'7,776\xe5\x86\x86'"
1417,102,241,1148,1,49,"b'8,300\xe5\x86\x86'"
1418,102,241,1148,5,49,"b'5,400\xe5\x86\x86'"
1419,102,332,1149,1,55,"b'7,776\xe5\x86\x86'"
1420,102,271,1150,1,55,"b'7,776\xe5\x86\x86'"
1421,102,1166,1151,3,74,"b'3,000\xe5\x86\x86'"
1422,102,305,1152,1,49,"b'7,560\xe5\x86\x86'"
1423,102,1189,1153,1,49,"b'6,480\xe5\x86\x86'"
1424,102,2649,1154,1,49,"b'7,800\xe5\x86\x86'"
1425,102,252,1155,1,55,"b'8,640\xe5\x86\x86'"
1426,102,312,1156,1,55,"b'7,776\xe5\x86\x86'"
1427,102,2593,1157,1,55,"b'6,700\xe5\x86\x86'"
1428,102,217,1158,1,49,"b'15,120\xe5\x86\x86'"
1429,102,1124,1159,1,49,"b'8,640\xe5\x86\x86'"
1430,102,181,1160,1,49,"b'10,800\xe5\x86\x86'"
1431,102,1127,1163,1,55,"b'8,640\xe5\x86\x86'"
1432,102,1508,1162,1,55,"b'3,780\xe5\x86\x86'"
1433,102,2650,1161,3,74,"b'6,400\xe5\x86\x86'"
1434,102,2650,1161,1,49,"b'5,300\xe5\x86\x86'"
1435,102,2651,1164,3,74,"b'3,500\xe5\x86\x86'"
1436,102,1292,1165,3,74,"b'3,500\xe5\x86\x86'"
1437,102,2652,1166,3,74,"b'2,900\xe5\x86\x86'"
1438,33,4110,1167,8,32,"b'2,000\xe5\x86\x86'"
1439,33,143,1168,10,64,"b'2,000\xe5\x86\x86'"
1440,102,1272,1169,1,49,"b'8,640\xe5\x86\x86'"
1441,102,216,1170,1,49,b'0\xe5\x86\x86'
1442,102,212,1173,1,49,"b'6,304\xe5\x86\x86'"
1443,102,229,1181,1,49,"b'6,480\xe5\x86\x86'"
1444,102,214,1182,1,49,"b'11,448\xe5\x86\x86'"
1445,102,1184,1183,1,55,"b'6,480\xe5\x86\x86'"
1446,102,2621,1185,1,55,"b'2,160\xe5\x86\x86'"
1447,102,267,1186,1,49,"b'6,696\xe5\x86\x86'"
1448,33,29,1188,11,0,
1449,33,29,1188,11,0,
1450,33,29,1188,11,0,
1451,33,2570,1190,11,0,
1452,102,165,1192,1,49,"b'14,580\xe5\x86\x86'"
1453,102,254,1193,1,55,"b'6,480\xe5\x86\x86'"
1454,102,162,1194,1,49,"b'6,928\xe5\x86\x86'"
1455,102,1174,1195,1,55,"b'6,480\xe5\x86\x86'"
1456,102,2679,1196,1,49,"b'5,300\xe5\x86\x86'"
1457,33,1,1197,9,0,
1459,102,2716,1199,1,49,"b'3,564\xe5\x86\x86'"
1460,102,1135,1200,1,55,"b'5,832\xe5\x86\x86'"
1461,102,308,1201,1,49,"b'5,980\xe5\x86\x86'"
1462,102,1132,1202,1,49,"b'9,260\xe5\x86\x86'"
1463,102,1130,1204,1,55,"b'6,580\xe5\x86\x86'"
1464,102,2673,1205,3,74,"b'1,000\xe5\x86\x86'"
1465,102,1206,1203,3,74,"b'1,800\xe5\x86\x86'"
1466,102,1097,1206,1,49,"b'9,104\xe5\x86\x86'"
1467,102,2717,1207,3,74,"b'4,900\xe5\x86\x86'"
1468,102,1254,1208,1,55,"b'8,300\xe5\x86\x86'"
1469,102,1098,1209,1,49,"b'8,640\xe5\x86\x86'"
1470,102,2680,1210,1,49,"b'2,500\xe5\x86\x86'"
1471,102,1102,1211,1,49,b'0\xe5\x86\x86'
1472,102,176,1212,1,49,"b'8,300\xe5\x86\x86'"
1473,102,176,1212,2,49,"b'10,800\xe5\x86\x86'"
1474,102,130,1213,1,49,"b'12,140\xe5\x86\x86'"
1475,102,2719,1215,1,55,"b'6,800\xe5\x86\x86'"
1476,102,321,1217,1,49,"b'6,480\xe5\x86\x86'"
1477,102,1263,1216,1,49,"b'10,800\xe5\x86\x86'"
1478,102,2672,1218,1,55,"b'2,500\xe5\x86\x86'"
1479,102,324,1219,3,74,"b'6,000\xe5\x86\x86'"
1480,102,2720,1220,1,55,"b'5,800\xe5\x86\x86'"
1481,102,173,1221,1,49,b'0\xe5\x86\x86'
1482,102,2535,1222,3,49,"b'2,000\xe5\x86\x86'"
1483,102,2721,1223,3,74,"b'6,400\xe5\x86\x86'"
1484,102,2723,1226,3,74,"b'3,500\xe5\x86\x86'"
1485,102,207,1227,1,55,"b'6,480\xe5\x86\x86'"
1486,102,1121,1228,1,55,"b'2,700\xe5\x86\x86'"
1487,102,1121,1228,3,74,"b'3,500\xe5\x86\x86'"
1488,33,2958,1229,9,64,b'200\xe5\x86\x86'
1489,102,294,1230,3,74,"b'8,000\xe5\x86\x86'"
1490,102,2727,1231,1,55,"b'8,960\xe5\x86\x86'"
1491,102,2728,1233,1,55,"b'4,300\xe5\x86\x86'"
1492,102,197,1234,1,49,"b'7,560\xe5\x86\x86'"
1493,102,2610,1235,1,49,"b'6,300\xe5\x86\x86'"
1494,102,1119,1232,1,49,"b'8,640\xe5\x86\x86'"
1495,102,211,1236,1,49,"b'8,640\xe5\x86\x86'"
1496,102,1270,1237,1,49,"b'7,776\xe5\x86\x86'"
1497,102,2722,1225,1,49,"b'7,556\xe5\x86\x86'"
1498,102,324,1239,1,49,"b'6,156\xe5\x86\x86'"
1499,102,174,1243,1,49,"b'6,480\xe5\x86\x86'"
1500,102,2739,1244,3,74,"b'4,900\xe5\x86\x86'"
1501,102,1173,1245,1,55,"b'8,548\xe5\x86\x86'"
1502,102,2522,1246,1,55,"b'2,160\xe5\x86\x86'"
1503,102,1089,1247,1,49,"b'6,912\xe5\x86\x86'"
1504,102,1275,1248,1,49,"b'8,640\xe5\x86\x86'"
1505,102,319,1249,1,49,"b'12,312\xe5\x86\x86'"
1506,102,2525,1251,1,55,"b'6,232\xe5\x86\x86'"
1507,102,2590,1252,1,49,"b'6,300\xe5\x86\x86'"
1508,102,212,1253,1,55,b'0\xe5\x86\x86'
1509,102,2527,1255,1,49,"b'5,832\xe5\x86\x86'"
1510,102,189,1258,1,55,"b'6,032\xe5\x86\x86'"
1511,102,189,1258,3,74,"b'3,500\xe5\x86\x86'"
1512,102,1206,1259,3,74,b'0\xe5\x86\x86'
1513,102,2737,1257,3,74,"b'3,500\xe5\x86\x86'"
1514,102,2738,1261,1,55,"b'5,000\xe5\x86\x86'"
1515,102,178,1262,1,49,"b'8,640\xe5\x86\x86'"
1516,102,178,1262,3,74,"b'3,500\xe5\x86\x86'"
1517,102,175,1260,1,49,"b'7,776\xe5\x86\x86'"
1518,102,2647,1254,1,49,"b'7,000\xe5\x86\x86'"
1519,102,1119,1250,6,49,"b'10,800\xe5\x86\x86'"
1520,102,2606,1264,1,49,"b'7,160\xe5\x86\x86'"
1521,102,2600,1265,1,49,"b'6,480\xe5\x86\x86'"
1522,102,1108,1266,1,55,"b'4,280\xe5\x86\x86'"
1523,33,2786,1269,8,0,
1524,33,2786,1269,8,0,
1525,33,2786,1269,8,0,
1526,33,2786,1269,8,0,
1527,33,2786,1269,8,0,
1528,33,2786,1271,8,0,
1529,102,2779,1272,1,55,"b'7,800\xe5\x86\x86'"
1530,33,4110,1273,11,0,
1531,102,2787,1274,3,74,"b'6,400\xe5\x86\x86'"
1532,102,2784,1267,3,74,"b'4,000\xe5\x86\x86'"
1533,102,130,1275,1,49,"b'6,480\xe5\x86\x86'"
1534,102,130,1275,3,74,"b'6,400\xe5\x86\x86'"
1535,102,2331,1276,3,74,"b'7,000\xe5\x86\x86'"
1536,102,2331,1276,1,55,"b'8,688\xe5\x86\x86'"
1537,33,2773,1280,7,0,
1538,102,223,1281,1,55,"b'7,992\xe5\x86\x86'"
1539,102,2628,1277,1,55,"b'7,236\xe5\x86\x86'"
1540,102,2635,1283,1,49,"b'10,000\xe5\x86\x86'"
1541,102,288,1284,1,49,"b'8,300\xe5\x86\x86'"
1542,102,2634,1285,3,74,"b'2,000\xe5\x86\x86'"
1543,102,269,1282,1,74,"b'3,500\xe5\x86\x86'"
1544,102,269,1282,1,49,"b'6,480\xe5\x86\x86'"
1545,102,181,1279,1,49,"b'8,640\xe5\x86\x86'"
1546,102,244,1286,1,49,"b'7,560\xe5\x86\x86'"
1547,33,4110,1167,12,32,b'700\xe5\x86\x86'
1548,102,2799,1289,1,55,"b'5,100\xe5\x86\x86'"
1549,102,2732,1293,1,49,"b'6,608\xe5\x86\x86'"
1550,102,2800,1294,1,49,"b'8,640\xe5\x86\x86'"
1551,102,2800,1294,1,55,"b'12,140\xe5\x86\x86'"
1552,102,258,1297,1,49,"b'9,288\xe5\x86\x86'"
1553,102,204,1298,1,49,"b'8,640\xe5\x86\x86'"
1554,102,2565,1299,3,74,"b'4,900\xe5\x86\x86'"
1555,102,203,1300,1,55,"b'6,132\xe5\x86\x86'"
1556,102,1102,1301,1,49,"b'8,532\xe5\x86\x86'"
1557,102,2326,1302,3,74,"b'3,000\xe5\x86\x86'"
1558,102,316,1303,1,55,"b'6,480\xe5\x86\x86'"
1559,102,1133,1304,1,49,"b'7,564\xe5\x86\x86'"
1560,102,2820,1305,1,55,"b'4,800\xe5\x86\x86'"
1561,102,2819,1306,1,49,"b'5,000\xe5\x86\x86'"
1562,102,2565,1307,1,49,"b'7,560\xe5\x86\x86'"
1563,102,2531,1308,1,49,"b'8,340\xe5\x86\x86'"
1564,102,1094,1309,1,49,"b'6,480\xe5\x86\x86'"
1565,102,2828,1310,1,55,"b'4,800\xe5\x86\x86'"
1566,102,2829,1311,1,49,"b'5,000\xe5\x86\x86'"
1567,102,309,1312,1,55,"b'9,720\xe5\x86\x86'"
1568,102,271,1315,1,55,"b'7,776\xe5\x86\x86'"
1569,102,2818,1316,1,55,"b'5,880\xe5\x86\x86'"
1570,102,1165,1318,1,49,"b'8,300\xe5\x86\x86'"
1571,102,179,1319,1,49,"b'7,560\xe5\x86\x86'"
1572,102,297,1320,1,49,"b'7,603\xe5\x86\x86'"
1573,102,297,1320,3,49,"b'6,500\xe5\x86\x86'"
1574,102,2830,1313,3,74,"b'4,700\xe5\x86\x86'"
1575,102,2817,1314,3,74,"b'3,500\xe5\x86\x86'"
1576,102,332,1321,1,49,"b'8,424\xe5\x86\x86'"
1577,102,2832,1317,3,74,"b'6,300\xe5\x86\x86'"
1578,102,1124,1322,1,49,"b'8,640\xe5\x86\x86'"
1579,102,2833,1323,1,49,"b'3,500\xe5\x86\x86'"
1580,102,208,1324,1,49,"b'9,504\xe5\x86\x86'"
1581,102,1123,1325,1,55,"b'3,000\xe5\x86\x86'"
1582,102,2593,1326,1,55,"b'6,920\xe5\x86\x86'"
1583,102,2648,1327,3,74,"b'6,800\xe5\x86\x86'"
1584,102,180,1328,1,49,"b'8,640\xe5\x86\x86'"
1585,102,2838,1329,1,49,"b'5,728\xe5\x86\x86'"
1586,102,2840,1332,1,49,"b'6,600\xe5\x86\x86'"
1587,102,2840,1332,2,49,"b'8,640\xe5\x86\x86'"
1588,102,212,1333,1,49,"b'7,676\xe5\x86\x86'"
1589,102,1300,1334,1,49,"b'8,300\xe5\x86\x86'"
1590,102,254,1331,1,49,"b'6,480\xe5\x86\x86'"
1591,102,287,1335,1,55,"b'6,480\xe5\x86\x86'"
1592,102,2749,1338,1,55,"b'7,880\xe5\x86\x86'"
1593,33,1152,1339,8,65,"b'43,434\xe5\x86\x86'"
1594,102,2841,1341,1,55,"b'5,380\xe5\x86\x86'"
1595,102,233,1342,1,49,"b'8,000\xe5\x86\x86'"
1596,102,2505,1343,1,49,"b'6,480\xe5\x86\x86'"
1597,102,2505,1343,5,49,"b'2,160\xe5\x86\x86'"
1598,102,1127,1344,1,49,"b'7,776\xe5\x86\x86'"
1599,102,1292,1346,3,74,"b'3,000\xe5\x86\x86'"
1600,102,2528,1347,3,74,"b'3,500\xe5\x86\x86'"
1601,102,2842,1345,3,74,"b'3,000\xe5\x86\x86'"
1603,102,2524,1348,3,74,"b'3,500\xe5\x86\x86'"
1604,102,2843,1349,3,74,"b'1,500\xe5\x86\x86'"
1607,102,246,1351,1,49,"b'6,480\xe5\x86\x86'"
1608,102,213,1352,1,49,"b'8,640\xe5\x86\x86'"
1609,102,2544,1350,1,74,"b'5,000\xe5\x86\x86'"
1610,102,284,1353,1,49,"b'6,480\xe5\x86\x86'"
1611,102,305,1354,1,49,"b'5,980\xe5\x86\x86'"
1612,102,2844,1355,1,49,"b'4,300\xe5\x86\x86'"
1613,102,209,1356,1,49,"b'8,640\xe5\x86\x86'"
1614,102,209,1356,2,49,"b'10,800\xe5\x86\x86'"
1615,102,310,1361,1,49,"b'8,640\xe5\x86\x86'"
1616,102,267,1362,1,49,"b'5,832\xe5\x86\x86'"
1617,102,1239,1360,1,49,"b'8,640\xe5\x86\x86'"
1618,102,1239,1360,3,49,"b'5,900\xe5\x86\x86'"
1619,102,253,1357,1,55,"b'8,640\xe5\x86\x86'"
1620,102,1184,1358,1,55,"b'5,832\xe5\x86\x86'"
1621,102,3532,1359,1,55,"b'6,800\xe5\x86\x86'"
1622,102,318,1363,1,55,"b'6,480\xe5\x86\x86'"
1623,102,2827,1365,1,55,"b'5,800\xe5\x86\x86'"
1624,102,2785,1366,1,55,"b'3,300\xe5\x86\x86'"
1625,102,1064,1368,1,55,"b'7,560\xe5\x86\x86'"
1626,102,1170,1369,1,49,"b'9,720\xe5\x86\x86'"
1627,102,162,1367,1,49,"b'8,016\xe5\x86\x86'"
1628,102,1122,1364,6,49,"b'5,400\xe5\x86\x86'"
1629,102,1104,1370,6,49,"b'19,440\xe5\x86\x86'"
1630,102,2841,1371,1,49,"b'1,860\xe5\x86\x86'"
1631,102,241,1374,1,49,"b'8,300\xe5\x86\x86'"
1632,102,241,1374,6,49,"b'5,400\xe5\x86\x86'"
1633,102,242,1376,1,49,"b'8,340\xe5\x86\x86'"
1634,102,2518,1375,3,74,"b'3,000\xe5\x86\x86'"
1635,102,1135,1377,1,55,"b'5,832\xe5\x86\x86'"
1636,102,1272,1373,1,55,"b'6,480\xe5\x86\x86'"
1637,102,2720,1372,1,55,"b'8,040\xe5\x86\x86'"
1638,102,175,1379,1,49,"b'7,776\xe5\x86\x86'"
1639,102,2857,1381,3,74,"b'2,700\xe5\x86\x86'"
1640,102,1189,1382,1,55,"b'6,480\xe5\x86\x86'"
1641,102,2508,1383,1,49,"b'8,300\xe5\x86\x86'"
1642,102,2858,1384,3,74,"b'3,000\xe5\x86\x86'"
1643,102,2552,1380,3,74,"b'3,500\xe5\x86\x86'"
1644,102,2679,1385,1,55,"b'6,800\xe5\x86\x86'"
1645,102,2859,1386,3,74,"b'4,500\xe5\x86\x86'"
1646,102,2860,1387,3,74,"b'3,500\xe5\x86\x86'"
1647,102,2861,1388,1,55,"b'5,300\xe5\x86\x86'"
1648,102,2863,1390,1,49,"b'5,800\xe5\x86\x86'"
1649,102,283,1391,1,49,"b'8,300\xe5\x86\x86'"
1650,102,324,1392,3,74,"b'4,000\xe5\x86\x86'"
1651,102,2826,1393,1,49,"b'5,800\xe5\x86\x86'"
1652,102,2874,1394,1,55,"b'6,800\xe5\x86\x86'"
1653,102,1102,1389,3,74,"b'6,900\xe5\x86\x86'"
1655,102,211,1396,1,55,"b'7,776\xe5\x86\x86'"
1656,102,244,1398,1,49,"b'7,560\xe5\x86\x86'"
1657,102,244,1398,1,55,"b'7,560\xe5\x86\x86'"
1658,102,2873,1399,1,55,"b'5,700\xe5\x86\x86'"
1659,102,1145,1397,1,49,"b'10,152\xe5\x86\x86'"
1660,102,255,1401,1,49,"b'9,880\xe5\x86\x86'"
1661,102,1130,1402,1,55,"b'6,232\xe5\x86\x86'"
1662,102,229,1403,1,55,"b'5,980\xe5\x86\x86'"
1663,102,2872,1404,1,49,"b'8,640\xe5\x86\x86'"
1664,102,217,1405,1,49,"b'9,072\xe5\x86\x86'"
1665,102,2535,1406,3,74,"b'5,400\xe5\x86\x86'"
1666,102,321,1408,1,49,"b'5,580\xe5\x86\x86'"
1667,102,2515,1409,1,49,"b'6,480\xe5\x86\x86'"
1668,102,2871,1410,3,74,"b'4,900\xe5\x86\x86'"
1669,102,197,1411,1,49,"b'7,560\xe5\x86\x86'"
1670,102,1159,1412,1,49,"b'7,344\xe5\x86\x86'"
1671,102,2878,1413,1,49,"b'5,660\xe5\x86\x86'"
1672,102,212,1414,3,74,"b'4,800\xe5\x86\x86'"
1673,102,2796,1415,3,74,"b'6,300\xe5\x86\x86'"
1674,102,1171,1417,1,49,"b'7,560\xe5\x86\x86'"
1675,102,2870,1416,3,74,"b'3,500\xe5\x86\x86'"
1676,102,1089,1418,1,49,"b'7,560\xe5\x86\x86'"
1677,102,1089,1418,3,74,"b'4,900\xe5\x86\x86'"
1678,102,2885,1419,1,49,"b'8,952\xe5\x86\x86'"
1679,102,319,1420,1,49,"b'7,776\xe5\x86\x86'"
1680,102,336,1421,1,49,"b'14,300\xe5\x86\x86'"
1681,102,1163,1422,3,74,"b'3,000\xe5\x86\x86'"
1682,102,2593,1423,1,49,"b'2,140\xe5\x86\x86'"
1683,102,2525,1424,1,55,"b'7,776\xe5\x86\x86'"
1684,102,1184,1425,2,55,"b'5,832\xe5\x86\x86'"
1685,102,2737,1426,3,74,"b'2,000\xe5\x86\x86'"
1686,102,2647,1428,1,49,"b'7,776\xe5\x86\x86'"
1687,102,297,1429,1,49,b'0\xe5\x86\x86'
1688,102,2738,1430,1,55,"b'5,600\xe5\x86\x86'"
1689,102,2884,1431,3,74,"b'4,900\xe5\x86\x86'"
1690,102,2527,1433,1,49,"b'5,832\xe5\x86\x86'"
1691,102,2888,1434,3,74,"b'3,000\xe5\x86\x86'"
1692,102,1133,1436,5,74,"b'45,000\xe5\x86\x86'"
1693,102,2891,1437,3,74,"b'6,300\xe5\x86\x86'"
1694,102,2887,1435,3,74,"b'4,600\xe5\x86\x86'"
1695,102,269,1438,1,49,"b'7,193\xe5\x86\x86'"
1696,102,269,1438,3,74,"b'3,500\xe5\x86\x86'"
1697,33,2746,1440,7,64,"b'1,200\xe5\x86\x86'"
1698,102,173,1442,1,49,b'0\xe5\x86\x86'
1699,102,214,1443,1,49,"b'10,160\xe5\x86\x86'"
1700,102,252,1444,1,49,"b'8,640\xe5\x86\x86'"
1701,102,165,1445,1,49,"b'11,880\xe5\x86\x86'"
1702,102,2838,1447,1,55,"b'5,832\xe5\x86\x86'"
1704,33,4110,1448,7,63,"b'6,700\xe5\x86\x86'"
1705,102,1188,1449,1,49,"b'14,040\xe5\x86\x86'"
1706,102,1188,1449,3,74,"b'7,000\xe5\x86\x86'"
1707,33,2864,1452,11,58,"b'5,000\xe5\x86\x86'"
1708,102,223,1453,1,55,"b'6,912\xe5\x86\x86'"
1709,102,2869,1454,3,74,"b'4,500\xe5\x86\x86'"
1710,102,2672,1446,1,55,"b'8,640\xe5\x86\x86'"
1711,102,2672,1446,3,74,"b'4,580\xe5\x86\x86'"
1712,102,1270,1455,1,49,"b'7,560\xe5\x86\x86'"
1713,102,2868,1456,3,74,"b'3,500\xe5\x86\x86'"
1714,102,1171,1457,3,74,"b'3,500\xe5\x86\x86'"
1715,102,2610,1459,1,49,"b'6,100\xe5\x86\x86'"
1716,102,2867,1461,1,55,"b'6,200\xe5\x86\x86'"
1717,102,2884,1462,1,55,"b'7,148\xe5\x86\x86'"
1718,102,1173,1463,1,55,"b'9,272\xe5\x86\x86'"
1719,102,2882,1464,1,49,"b'6,840\xe5\x86\x86'"
1720,102,2906,1465,1,55,"b'6,600\xe5\x86\x86'"
1721,102,1134,1466,5,49,"b'18,360\xe5\x86\x86'"
1722,102,2606,1467,1,49,"b'8,640\xe5\x86\x86'"
1723,102,2866,1468,1,55,"b'4,300\xe5\x86\x86'"
1724,102,308,1469,1,55,"b'6,380\xe5\x86\x86'"
1725,102,2819,1470,1,49,"b'8,640\xe5\x86\x86'"
1726,102,324,1471,1,49,"b'5,832\xe5\x86\x86'"
1727,102,2865,1472,3,74,"b'3,500\xe5\x86\x86'"
1728,102,2792,1474,1,55,"b'7,800\xe5\x86\x86'"
1729,102,1275,1475,1,55,"b'8,640\xe5\x86\x86'"
1730,102,271,1476,1,55,"b'7,776\xe5\x86\x86'"
1731,102,2917,1477,3,74,"b'3,500\xe5\x86\x86'"
1732,102,1119,1479,1,49,"b'8,640\xe5\x86\x86'"
1733,102,2791,1480,1,49,"b'7,256\xe5\x86\x86'"
1734,102,332,1481,1,49,"b'7,776\xe5\x86\x86'"
1735,102,1124,1478,1,49,"b'8,640\xe5\x86\x86'"
1736,102,1124,1478,3,74,"b'3,500\xe5\x86\x86'"
1737,33,140,196,8,63,"b'6,346'"
1738,102,1263,1482,1,49,"b'8,640\xe5\x86\x86'"
1739,102,2600,1483,1,49,"b'6,480\xe5\x86\x86'"
1740,102,2911,1484,3,74,"b'3,500\xe5\x86\x86'"
1741,102,2631,1485,3,74,"b'7,900\xe5\x86\x86'"
1742,102,2922,1486,3,74,"b'4,100\xe5\x86\x86'"
1743,102,1094,1487,1,49,"b'6,480\xe5\x86\x86'"
1744,102,2921,1488,3,74,"b'6,200\xe5\x86\x86'"
1745,102,2861,1490,1,49,b'0\xe5\x86\x86'
1746,102,174,1489,1,49,"b'5,184\xe5\x86\x86'"
1747,102,1108,1491,1,55,"b'3,780\xe5\x86\x86'"
1748,102,223,1493,1,55,b'0\xe5\x86\x86'
1749,102,2910,1494,1,55,"b'6,400\xe5\x86\x86'"
1751,102,2925,1496,1,55,"b'6,800\xe5\x86\x86'"
1752,102,2924,1492,3,74,"b'3,000\xe5\x86\x86'"
1753,102,2927,1497,1,55,"b'6,912\xe5\x86\x86'"
1754,102,2565,1498,1,49,"b'7,128\xe5\x86\x86'"
1755,102,2928,1499,3,74,"b'5,700\xe5\x86\x86'"
1756,102,212,1500,3,74,"b'4,900\xe5\x86\x86'"
1757,102,212,1500,1,49,"b'8,964\xe5\x86\x86'"
1758,102,312,1501,1,49,"b'8,964\xe5\x86\x86'"
1759,102,2914,1502,1,49,"b'6,400\xe5\x86\x86'"
1760,102,204,1503,1,49,"b'8,640\xe5\x86\x86'"
1761,102,2903,1504,3,74,"b'4,900\xe5\x86\x86'"
1762,102,2930,1505,1,49,"b'9,032\xe5\x86\x86'"
1763,102,2506,1506,1,49,"b'7,560\xe5\x86\x86'"
1764,102,2913,1507,1,55,"b'6,800\xe5\x86\x86'"
1765,102,2505,1508,1,55,"b'6,480\xe5\x86\x86'"
1766,102,130,1509,3,74,"b'6,800\xe5\x86\x86'"
1767,102,130,1509,1,49,"b'6,480\xe5\x86\x86'"
1768,102,2933,1510,3,74,"b'6,300\xe5\x86\x86'"
1769,102,2628,1511,3,74,"b'3,500\xe5\x86\x86'"
1770,102,2628,1511,1,55,"b'2,700\xe5\x86\x86'"
1771,102,305,1512,1,49,"b'6,372\xe5\x86\x86'"
1772,102,256,1513,1,49,"b'8,300\xe5\x86\x86'"
1773,102,2937,1517,1,49,"b'8,640\xe5\x86\x86'"
1774,102,267,1518,1,49,"b'5,832\xe5\x86\x86'"
1775,102,181,1519,1,49,"b'8,640\xe5\x86\x86'"
1776,102,284,1520,1,49,"b'7,560\xe5\x86\x86'"
1777,102,2590,1521,1,49,"b'8,640\xe5\x86\x86'"
1778,102,2919,1522,3,74,"b'4,800\xe5\x86\x86'"
1779,33,143,1263,9,58,"b'4,525\xe5\x86\x86'"
1780,102,175,1524,1,49,"b'7,776\xe5\x86\x86'"
1781,102,2524,1526,3,74,"b'2,500\xe5\x86\x86'"
1782,102,2907,1527,3,74,"b'3,000\xe5\x86\x86'"
1783,102,135,1528,1,55,"b'7,560\xe5\x86\x86'"
1784,102,135,1528,5,74,"b'2,160\xe5\x86\x86'"
1785,102,287,1529,1,55,"b'6,480\xe5\x86\x86'"
1786,102,287,1529,3,74,"b'3,500\xe5\x86\x86'"
1787,102,1272,1530,1,55,"b'7,776\xe5\x86\x86'"
1788,102,1135,1531,1,49,"b'6,080\xe5\x86\x86'"
1789,102,203,1532,1,49,"b'6,480\xe5\x86\x86'"
1790,102,309,1533,1,55,"b'10,044\xe5\x86\x86'"
1791,102,2938,1534,1,55,"b'6,800\xe5\x86\x86'"
1792,102,254,1537,1,49,"b'6,480\xe5\x86\x86'"
1793,102,1184,1535,1,49,"b'7,560\xe5\x86\x86'"
1794,102,176,1538,1,49,"b'8,300\xe5\x86\x86'"
1795,33,140,1514,7,64,"b'2,326'"
1796,102,1508,1539,1,110,"b'3,780\xe5\x86\x86'"
1797,102,1155,1542,1,49,"b'8,340\xe5\x86\x86'"
1798,102,211,1540,1,55,"b'7,560\xe5\x86\x86'"
1799,102,1133,1543,1,49,"b'9,288\xe5\x86\x86'"
1800,102,2956,1544,1,49,"b'6,800\xe5\x86\x86'"
1801,102,246,1545,1,49,"b'5,780\xe5\x86\x86'"
1802,102,1127,1546,1,49,"b'8,540\xe5\x86\x86'"
1803,102,2966,1548,3,74,"b'3,000\xe5\x86\x86'"
1804,102,2962,1549,3,74,"b'3,500\xe5\x86\x86'"
1805,102,2955,1551,1,49,"b'4,800\xe5\x86\x86'"
1806,102,2781,1554,3,74,"b'5,100\xe5\x86\x86'"
1807,102,1254,1553,1,55,"b'8,300\xe5\x86\x86'"
1808,102,2967,1555,5,74,"b'2,160\xe5\x86\x86'"
1809,102,2967,1555,1,55,"b'6,800\xe5\x86\x86'"
1810,102,1130,1556,1,55,"b'6,332\xe5\x86\x86'"
1811,102,233,1557,1,49,"b'8,000\xe5\x86\x86'"
1812,102,2964,1558,1,49,"b'5,800\xe5\x86\x86'"
1813,102,208,1552,1,49,"b'8,640\xe5\x86\x86'"
1814,102,2968,1559,1,49,"b'6,000\xe5\x86\x86'"
1815,33,143,1263,8,67,"b'558,400\xe5\x86\x86'"
1816,33,143,1525,8,29,"b'234,312\xe5\x86\x86'"
1817,102,1170,1563,1,49,"b'7,776\xe5\x86\x86'"
1818,102,2719,1561,1,49,"b'7,776\xe5\x86\x86'"
1819,33,1196,1560,7,67,"b'1,000\xe5\x86\x86'"
1820,33,1196,1560,7,29,"b'1,000\xe5\x86\x86'"
1821,33,1196,1560,12,58,"b'1,000\xe5\x86\x86'"
1822,33,1196,1560,8,56,"b'1,500\xe5\x86\x86'"
1823,33,1196,1560,8,64,b'500\xe5\x86\x86'
1824,33,1196,1560,7,67,"b'2,000\xe5\x86\x86'"
1825,33,1196,1560,12,67,b'500\xe5\x86\x86'
1826,33,1196,1560,8,67,"b'2,500\xe5\x86\x86'"
1827,33,1196,1560,8,67,"b'2,300\xe5\x86\x86'"
1828,33,1196,1560,8,56,"b'2,000\xe5\x86\x86'"
1829,102,2960,1564,3,74,"b'4,900\xe5\x86\x86'"
1830,33,1196,1560,8,32,b'900\xe5\x86\x86'
1831,102,2918,1562,3,74,"b'6,300\xe5\x86\x86'"
1832,33,1196,1560,12,29,"b'6,000\xe5\x86\x86'"
1833,33,140,1441,7,59,"b'1,296\xe5\x86\x86'"
1834,102,318,1567,1,49,"b'4,080\xe5\x86\x86'"
1835,102,266,1568,1,49,"b'8,640\xe5\x86\x86'"
1836,102,2535,1569,3,74,"b'2,500\xe5\x86\x86'"
1837,102,2876,1395,5,49,b'0\xe5\x86\x86'
1838,33,143,1525,8,59,"b'2,255\xe5\x86\x86'"
1841,33,143,1083,8,59,b'500\xe5\x86\x86'
1842,102,1239,1576,1,49,"b'8,160\xe5\x86\x86'"
1843,102,3922,1582,3,74,"b'3,400\xe5\x86\x86'"
1844,102,2518,1578,3,74,"b'3,000\xe5\x86\x86'"
1845,102,162,1583,1,49,"b'6,480\xe5\x86\x86'"
1846,102,162,1583,1,55,"b'6,080\xe5\x86\x86'"
1847,102,3974,1585,1,55,"b'5,380\xe5\x86\x86'"
1848,102,1064,1577,1,55,"b'8,640\xe5\x86\x86'"
1849,33,2958,1586,8,59,"b'44,566\xe5\x86\x86'"
1850,102,3977,1589,1,49,"b'5,000\xe5\x86\x86'"
1851,102,3975,1590,1,49,"b'4,800\xe5\x86\x86'"
1852,102,283,1587,1,49,"b'7,000\xe5\x86\x86'"
1853,102,2648,1591,3,74,"b'4,900\xe5\x86\x86'"
1854,102,241,1594,1,49,"b'8,840\xe5\x86\x86'"
1855,102,241,1594,1,49,"b'5,400\xe5\x86\x86'"
1856,102,2647,1595,1,49,"b'7,776\xe5\x86\x86'"
1857,102,2917,1596,3,74,b'0\xe5\x86\x86'
1858,102,3393,1597,1,49,"b'8,640\xe5\x86\x86'"
1859,102,310,1598,1,55,"b'8,040\xe5\x86\x86'"
1860,102,2738,1599,1,55,"b'5,832\xe5\x86\x86'"
1861,102,242,1600,1,55,"b'8,664\xe5\x86\x86'"
1862,102,1300,1601,1,49,"b'8,300\xe5\x86\x86'"
1863,102,178,1602,1,49,"b'8,640\xe5\x86\x86'"
1864,102,292,1603,3,74,"b'4,900\xe5\x86\x86'"
1865,102,244,1604,1,55,"b'2,500\xe5\x86\x86'"
1866,33,143,1571,8,59,"b'1,225\xe5\x86\x86'"
1867,182,3983,1606,1,114,"b'5,555\xe5\x86\x86'"
1868,33,143,1571,2,59,"b'65,566\xe5\x86\x86'"
1869,102,1188,1607,1,49,"b'11,920\xe5\x86\x86'"
1870,33,2958,1610,2,29,"b'8,855\xe5\x86\x86'"
1871,102,324,1611,3,74,"b'4,580\xe5\x86\x86'"
1872,102,2515,1612,1,49,"b'5,980\xe5\x86\x86'"
1873,102,2826,1613,1,49,"b'6,800\xe5\x86\x86'"
1874,102,1098,1608,1,49,"b'8,640\xe5\x86\x86'"
1875,102,2876,1614,5,49,"b'2,160\xe5\x86\x86'"
1876,102,2876,1614,5,49,b'0\xe5\x86\x86'
1877,102,3987,1618,1,55,"b'6,200\xe5\x86\x86'"
1878,33,4110,1473,2,59,b'779\xe5\x86\x86'
1879,33,4110,1473,1,29,"b'78,945\xe5\x86\x86'"
1880,33,4110,1473,2,64,"b'5,600\xe5\x86\x86'"
1881,33,4110,1536,2,29,"b'5,000\xe5\x86\x86'"
1882,102,223,1622,1,55,"b'7,776\xe5\x86\x86'"
1883,102,2906,1623,1,49,"b'8,640\xe5\x86\x86'"
1884,102,2906,1623,3,74,"b'6,300\xe5\x86\x86'"
1885,102,197,1624,1,49,"b'7,560\xe5\x86\x86'"
1886,102,3994,1626,3,74,"b'3,500\xe5\x86\x86'"
1887,102,2509,1627,1,49,"b'6,480\xe5\x86\x86'"
1888,102,2527,1628,1,55,"b'6,480\xe5\x86\x86'"
1889,102,3973,1629,3,74,"b'3,500\xe5\x86\x86'"
1890,102,3997,1630,3,74,"b'4,700\xe5\x86\x86'"
1891,102,1171,1631,1,55,"b'6,480\xe5\x86\x86'"
1892,102,1159,1632,1,49,"b'7,964\xe5\x86\x86'"
1893,102,213,1633,1,49,"b'8,140\xe5\x86\x86'"
1894,102,2531,1634,1,49,"b'8,640\xe5\x86\x86'"
1895,102,213,1635,1,49,"b'8,140\xe5\x86\x86'"
1896,102,2860,1640,3,74,"b'3,500\xe5\x86\x86'"
1897,102,3978,1641,3,74,"b'3,400\xe5\x86\x86'"
1898,102,2331,1642,1,49,"b'9,612\xe5\x86\x86'"
1899,102,2331,1642,3,74,"b'4,400\xe5\x86\x86'"
1900,102,321,1643,1,55,"b'6,480\xe5\x86\x86'"
1901,102,2737,1644,3,74,"b'2,300\xe5\x86\x86'"
1902,102,4000,1646,1,49,"b'14,012\xe5\x86\x86'"
1903,102,1089,1645,1,49,"b'10,800\xe5\x86\x86'"
1904,102,228,1647,1,49,"b'11,276\xe5\x86\x86'"
1905,102,159,1648,1,49,b'0\xe5\x86\x86'
1906,102,2915,1649,1,49,"b'6,800\xe5\x86\x86'"
1907,102,2912,1650,1,49,"b'2,060\xe5\x86\x86'"
1908,102,2607,1652,3,74,"b'4,900\xe5\x86\x86'"
1909,102,4003,1653,1,49,"b'7,560\xe5\x86\x86'"
1910,102,332,1654,1,49,"b'8,100\xe5\x86\x86'"
1911,102,2923,1495,1,49,"b'4,800\xe5\x86\x86'"
1912,102,2885,1655,1,55,"b'6,304\xe5\x86\x86'"
1913,102,2927,1656,1,55,b'648\xe5\x86\x86'
1914,102,271,1657,1,55,"b'7,776\xe5\x86\x86'"
1915,102,297,1651,1,49,"b'13,628\xe5\x86\x86'"
1916,102,2552,1658,3,74,"b'3,500\xe5\x86\x86'"
1917,102,2923,1659,1,49,"b'4,800\xe5\x86\x86'"
1918,33,3998,1639,2,32,"b'6,000\xe5\x86\x86'"
1919,33,4010,1662,2,32,b'633\xe5\x86\x86'
1920,102,4007,1663,3,74,"b'6,000\xe5\x86\x86'"
1921,102,214,1665,1,55,"b'8,948\xe5\x86\x86'"
1922,102,312,1666,1,55,"b'7,776\xe5\x86\x86'"
1923,102,2819,1667,1,55,"b'6,480\xe5\x86\x86'"
1924,102,1189,1668,1,49,"b'8,300\xe5\x86\x86'"
1925,102,324,1669,1,49,"b'8,424\xe5\x86\x86'"
1926,102,4009,1670,3,74,"b'4,500\xe5\x86\x86'"
1927,102,252,1671,1,55,"b'6,480\xe5\x86\x86'"
1928,102,4013,1672,1,55,"b'4,700\xe5\x86\x86'"
1929,33,4110,1673,2,32,"b'6,300\xe5\x86\x86'"
1930,102,1174,1675,1,55,"b'6,480\xe5\x86\x86'"
1931,102,173,1677,1,49,b'0\xe5\x86\x86'
1932,102,244,1674,1,55,"b'7,560\xe5\x86\x86'"
1933,102,244,1674,1,49,"b'8,316\xe5\x86\x86'"
1934,102,255,1678,1,49,"b'7,090\xe5\x86\x86'"
1935,33,4110,1673,8,32,"b'3,000\xe5\x86\x86'"
1936,33,4110,1673,8,32,"b'5,211\xe5\x86\x86'"
1937,33,4110,1673,8,32,"b'5,211\xe5\x86\x86'"
1938,33,4110,1673,8,32,b'554\xe5\x86\x86'
1939,33,4110,1673,8,32,"b'4,144\xe5\x86\x86'"
1940,264,4015,1679,43,117,"b'1,200\xe5\x86\x86'"
1941,33,4110,1673,9,58,"b'8,555\xe5\x86\x86'"
1942,33,4017,1680,8,32,"b'8,852\xe5\x86\x86'"
1943,102,2606,1681,1,49,"b'7,560\xe5\x86\x86'"
1944,33,4010,1662,11,32,"b'5,224\xe5\x86\x86'"
1945,33,4016,1682,8,32,"b'5,600\xe5\x86\x86'"
1946,102,288,1683,1,49,"b'8,100\xe5\x86\x86'"
1947,264,4015,1679,43,118,"b'6,300\xe5\x86\x86'"
1950,102,2791,1684,1,55,"b'2,700\xe5\x86\x86'"
1951,102,2792,1685,1,110,"b'3,240\xe5\x86\x86'"
1952,102,2937,1686,1,55,"b'8,100\xe5\x86\x86'"
1953,102,305,1687,1,49,"b'6,480\xe5\x86\x86'"
1954,102,1301,1688,1,49,"b'10,908\xe5\x86\x86'"
1955,33,3998,1639,7,58,"b'96,304,500\xe5\x86\x86'"
1956,102,284,1690,1,49,"b'6,280\xe5\x86\x86'"
1957,102,2913,1691,1,49,"b'3,240\xe5\x86\x86'"
1958,102,2913,1691,3,74,"b'6,300\xe5\x86\x86'"
1959,102,2884,1689,3,74,"b'7,560\xe5\x86\x86'"
1960,102,2869,1692,3,74,"b'5,980\xe5\x86\x86'"
1961,33,3998,1639,8,32,"b'1,751\xe5\x86\x86'"
1962,33,3998,1639,12,29,b'669\xe5\x86\x86'
1963,33,140,1514,8,58,"b'1,245\xe5\x86\x86'"
1964,33,140,1514,7,29,b'144\xe5\x86\x86'
1965,33,140,1514,11,58,"b'7,841\xe5\x86\x86'"
1966,102,212,1693,1,49,"b'9,468\xe5\x86\x86'"
1967,102,1184,1694,1,49,"b'6,480\xe5\x86\x86'"
1968,102,204,1696,1,49,"b'8,640\xe5\x86\x86'"
1969,102,181,1698,1,49,"b'9,288\xe5\x86\x86'"
1970,102,287,1699,1,55,"b'6,480\xe5\x86\x86'"
1971,33,3998,1639,8,58,"b'55,000\xe5\x86\x86'"
1972,33,3998,1639,8,32,"b'70,000\xe5\x86\x86'"
1973,33,286,86,8,29,"b'9,600\xe5\x86\x86'"
1974,102,1173,1700,1,55,"b'8,300\xe5\x86\x86'"
1975,102,2721,1701,3,74,"b'6,800\xe5\x86\x86'"
1976,102,2508,1702,1,49,"b'8,300\xe5\x86\x86'"
1977,294,4051,1703,80,127,"b'3,388\xe5\x86\x86'"
1978,102,1135,1704,1,55,"b'5,832\xe5\x86\x86'"
1979,102,1119,1705,1,49,"b'8,640\xe5\x86\x86'"
1980,102,1119,1705,6,49,"b'11,340\xe5\x86\x86'"
1981,102,2610,1706,1,55,"b'6,480\xe5\x86\x86'"
1982,102,2660,1707,3,74,"b'4,900\xe5\x86\x86'"
1983,102,2989,1708,1,49,"b'8,640\xe5\x86\x86'"
1984,102,3941,1709,1,49,"b'8,640\xe5\x86\x86'"
1985,102,4050,1710,1,55,"b'5,780\xe5\x86\x86'"
1986,102,1124,1711,1,49,"b'8,640\xe5\x86\x86'"
1987,102,3043,1712,3,74,"b'2,000\xe5\x86\x86'"
1988,102,2720,1713,1,55,"b'6,912\xe5\x86\x86'"
1989,102,269,1715,1,49,"b'8,640\xe5\x86\x86'"
1990,102,269,1715,3,74,"b'3,500\xe5\x86\x86'"
1992,102,246,1716,1,49,"b'6,480\xe5\x86\x86'"
1993,102,254,1717,1,55,"b'6,480\xe5\x86\x86'"
1994,33,4047,1714,8,32,"b'9,600\xe5\x86\x86'"
1995,33,4047,1714,8,58,"b'9,600\xe5\x86\x86'"
1996,33,4047,1714,8,32,"b'6,600\xe5\x86\x86'"
1997,102,2600,1718,1,49,"b'6,480\xe5\x86\x86'"
1998,102,4040,1719,3,74,"b'3,300\xe5\x86\x86'"
1999,102,212,1720,3,74,"b'5,900\xe5\x86\x86'"
2000,102,4054,1723,1,55,"b'6,700\xe5\x86\x86'"
2001,102,2505,1724,5,74,"b'2,160\xe5\x86\x86'"
2002,102,2505,1724,1,49,"b'6,480\xe5\x86\x86'"
2003,102,2921,1722,3,74,"b'3,120\xe5\x86\x86'"
2004,102,130,1721,1,49,"b'18,620\xe5\x86\x86'"
2005,102,130,1721,3,74,"b'4,400\xe5\x86\x86'"
2006,102,2960,1725,3,74,"b'2,160\xe5\x86\x86'"
2007,102,4040,1726,3,74,b'0\xe5\x86\x86'
2008,102,4059,1727,3,74,"b'4,500\xe5\x86\x86'"
2009,102,4060,1728,3,74,"b'3,500\xe5\x86\x86'"
2010,102,211,1729,1,49,"b'7,776\xe5\x86\x86'"
2011,102,3390,1730,1,49,"b'6,480\xe5\x86\x86'"
2012,102,2868,1731,3,74,"b'3,500\xe5\x86\x86'"
2013,102,3383,1732,1,49,"b'14,040\xe5\x86\x86'"
2014,102,4058,1733,1,49,"b'4,300\xe5\x86\x86'"
2015,102,179,1734,1,49,"b'7,560\xe5\x86\x86'"
2016,102,1155,1736,1,55,"b'6,380\xe5\x86\x86'"
2017,102,1272,1737,1,55,"b'6,480\xe5\x86\x86'"
2018,102,2964,1738,1,55,"b'5,832\xe5\x86\x86'"
2019,102,4057,1739,1,55,"b'3,440\xe5\x86\x86'"
2021,102,2796,1741,3,74,"b'4,580\xe5\x86\x86'"
2022,102,4064,1742,3,74,"b'4,900\xe5\x86\x86'"
2023,102,319,1743,1,49,"b'7,776\xe5\x86\x86'"
2024,102,2800,1744,1,49,"b'6,912\xe5\x86\x86'"
2025,102,2535,1745,3,74,"b'6,500\xe5\x86\x86'"
2026,102,180,1746,1,49,"b'7,128\xe5\x86\x86'"
2027,102,4061,1747,1,49,"b'6,448\xe5\x86\x86'"
2028,102,3055,1748,3,74,"b'3,000\xe5\x86\x86'"
2029,33,4110,1749,8,32,"b'8,855\xe5\x86\x86'"
2030,33,4110,1749,8,32,"b'5,555\xe5\x86\x86'"
2031,33,4110,1749,8,32,"b'5,555\xe5\x86\x86'"
2032,33,4110,1749,8,32,b'885\xe5\x86\x86'
2033,33,2958,1750,8,32,"b'9,955\xe5\x86\x86'"
2034,33,4069,1751,11,32,"b'5,552\xe5\x86\x86'"
2035,102,1102,1752,1,49,"b'7,560\xe5\x86\x86'"
2036,102,1102,1752,3,74,"b'5,900\xe5\x86\x86'"
2037,102,2986,1753,1,49,"b'7,560\xe5\x86\x86'"
2038,102,3975,1754,1,49,"b'5,832\xe5\x86\x86'"
2039,102,1121,1755,3,74,"b'3,500\xe5\x86\x86'"
2040,102,2968,1756,1,55,"b'8,640\xe5\x86\x86'"
2041,102,1130,1757,1,55,"b'6,480\xe5\x86\x86'"
2042,102,203,1758,1,49,"b'6,480\xe5\x86\x86'"
2043,102,3675,1759,1,55,"b'8,640\xe5\x86\x86'"
2044,102,2590,1760,1,55,"b'7,560\xe5\x86\x86'"
2045,102,2838,1761,1,49,"b'6,080\xe5\x86\x86'"
2046,102,312,1762,1,49,b'972\xe5\x86\x86'
2047,102,242,1763,1,55,"b'7,776\xe5\x86\x86'"
2048,102,4072,1764,3,74,"b'3,000\xe5\x86\x86'"
2049,102,4071,1765,3,74,"b'3,300\xe5\x86\x86'"
2050,102,3685,1766,3,74,"b'3,000\xe5\x86\x86'"
2051,102,276,1767,1,49,"b'8,300\xe5\x86\x86'"
2052,102,4018,1769,1,49,"b'6,800\xe5\x86\x86'"
2053,102,309,1770,1,49,"b'8,640\xe5\x86\x86'"
2054,102,4056,1771,3,74,"b'4,900\xe5\x86\x86'"
2055,102,178,1774,3,74,"b'3,500\xe5\x86\x86'"
2056,102,178,1774,1,49,"b'8,640\xe5\x86\x86'"
2057,102,2906,1775,1,49,"b'7,776\xe5\x86\x86'"
2058,102,2908,1776,3,74,"b'4,400\xe5\x86\x86'"
2059,102,2527,1777,1,49,"b'5,836\xe5\x86\x86'"
2060,102,4083,1778,1,49,"b'4,760\xe5\x86\x86'"
2061,102,4088,1779,1,55,"b'5,300\xe5\x86\x86'"
2062,102,4079,1780,3,74,"b'3,500\xe5\x86\x86'"
2063,102,1064,1781,1,55,"b'7,884\xe5\x86\x86'"
2064,102,2908,1776,1,49,"b'7,776\xe5\x86\x86'"
2065,102,4089,1782,1,55,"b'6,600\xe5\x86\x86'"
2066,360,4093,1784,171,134,"b'86,403\xe5\x86\x86'"
2067,102,2882,1786,1,49,"b'7,700\xe5\x86\x86'"
2068,102,223,1787,1,55,"b'5,832\xe5\x86\x86'"
2069,102,4085,1788,1,55,"b'6,912\xe5\x86\x86'"
2070,102,2647,1789,1,49,"b'6,912\xe5\x86\x86'"
2071,102,135,1790,1,55,"b'8,640\xe5\x86\x86'"
2072,102,1098,1783,1,49,"b'8,208\xe5\x86\x86'"
2073,102,1098,1783,1,74,"b'3,500\xe5\x86\x86'"
2074,102,174,1791,1,49,"b'6,480\xe5\x86\x86'"
2075,102,3511,1792,1,49,"b'8,640\xe5\x86\x86'"
2076,102,233,1793,1,49,"b'8,000\xe5\x86\x86'"
2077,102,258,1794,1,49,"b'9,288\xe5\x86\x86'"
2078,362,4097,1795,176,143,"b'8,640\xe5\x86\x86'"
2079,102,2962,1796,3,74,"b'3,500\xe5\x86\x86'"
2080,102,3645,1798,1,110,"b'3,780\xe5\x86\x86'"
2081,102,1108,1799,1,55,"b'6,480\xe5\x86\x86'"
2082,102,2925,1800,1,55,"b'8,640\xe5\x86\x86'"
2083,102,4077,1801,1,55,"b'7,200\xe5\x86\x86'"
2084,102,176,1802,1,49,"b'8,300\xe5\x86\x86'"
2085,102,1089,1803,1,49,"b'7,560\xe5\x86\x86'"
2086,102,1089,1803,5,49,"b'4,320\xe5\x86\x86'"
2087,102,4084,1797,3,49,"b'4,900\xe5\x86\x86'"
2088,102,253,1804,1,49,"b'7,776\xe5\x86\x86'"
2089,102,4105,1805,1,49,"b'14,040\xe5\x86\x86'"
2090,102,2661,1806,1,49,"b'8,640\xe5\x86\x86'"
2091,102,4082,1807,1,49,"b'6,800\xe5\x86\x86'"
2092,102,310,1808,1,49,"b'8,640\xe5\x86\x86'"
2093,102,283,1809,1,55,"b'8,000\xe5\x86\x86'"
2094,102,271,1810,1,55,"b'7,776\xe5\x86\x86'"
2095,102,332,1811,1,49,"b'7,776\xe5\x86\x86'"
2096,102,4095,1813,1,49,"b'6,800\xe5\x86\x86'"
2097,102,1171,1812,1,55,"b'7,884\xe5\x86\x86'"
2098,102,1188,1814,1,49,"b'10,800\xe5\x86\x86'"
2099,102,4066,1815,1,49,"b'6,800\xe5\x86\x86'"
2100,102,241,1816,1,49,"b'14,240\xe5\x86\x86'"
2101,102,2826,1818,1,49,"b'7,140\xe5\x86\x86'"
2102,102,3886,1819,1,49,"b'6,480\xe5\x86\x86'"
2103,102,4113,1820,1,49,"b'2,500\xe5\x86\x86'"
2104,102,312,1821,1,49,"b'8,748\xe5\x86\x86'"
2105,102,3495,1822,1,49,"b'7,140\xe5\x86\x86'"
2106,102,4096,1823,1,49,"b'6,700\xe5\x86\x86'"
2107,102,1263,1824,1,49,"b'9,288\xe5\x86\x86'"
2108,102,2876,1825,5,49,"b'4,320\xe5\x86\x86'"
2109,102,1508,1826,1,110,b'0\xe5\x86\x86'
2110,102,1239,1827,1,55,"b'5,400\xe5\x86\x86'"
2111,102,1239,1827,1,49,"b'8,640\xe5\x86\x86'"
2112,102,4131,1828,1,55,"b'6,800\xe5\x86\x86'"
2113,102,197,1829,1,49,"b'7,560\xe5\x86\x86'"
2114,102,308,1830,1,49,"b'6,380\xe5\x86\x86'"
2115,102,3393,1831,1,49,"b'8,640\xe5\x86\x86'"
2117,102,229,1833,1,55,"b'6,480\xe5\x86\x86'"
2118,102,4124,1834,1,49,"b'6,800\xe5\x86\x86'"
2119,102,2509,1835,1,49,"b'6,480\xe5\x86\x86'"
2120,102,2885,1836,1,49,"b'5,280\xe5\x86\x86'"
2121,102,305,1837,1,49,"b'7,430\xe5\x86\x86'"
2122,102,284,1838,1,49,"b'5,832\xe5\x86\x86'"
2123,102,4211,1839,1,49,"b'6,300\xe5\x86\x86'"
2124,102,316,1840,1,49,"b'6,480\xe5\x86\x86'"
2125,102,4215,1841,1,49,"b'7,124\xe5\x86\x86'"
2126,102,244,1842,1,49,"b'6,480\xe5\x86\x86'"
2127,102,4221,1843,1,55,"b'5,448\xe5\x86\x86'"
2128,102,181,1844,1,49,"b'5,832\xe5\x86\x86'"
2129,102,3568,1845,1,49,"b'8,640\xe5\x86\x86'"
2130,102,4220,1846,1,49,"b'6,732\xe5\x86\x86'"
2131,102,4219,1847,1,55,"b'7,256\xe5\x86\x86'"
2132,102,2515,1848,1,49,"b'6,480\xe5\x86\x86'"
2133,102,2519,1849,1,49,"b'5,800\xe5\x86\x86'"
2134,102,297,1851,1,49,"b'8,316\xe5\x86\x86'"
2135,102,4172,1852,1,55,"b'5,800\xe5\x86\x86'"
2136,102,1097,1853,1,49,"b'8,696\xe5\x86\x86'"
2137,102,4262,1854,1,110,"b'2,484\xe5\x86\x86'"
2138,102,334,1855,1,55,"b'7,236\xe5\x86\x86'"
2139,102,3941,1856,1,49,"b'7,776\xe5\x86\x86'"
2140,102,4260,1857,1,49,"b'4,400\xe5\x86\x86'"
2141,102,2720,1858,1,55,"b'7,776\xe5\x86\x86'"
2142,102,213,1859,1,49,"b'8,640\xe5\x86\x86'"
2143,102,214,1860,1,55,"b'8,416\xe5\x86\x86'"
2144,102,1174,1861,1,55,"b'7,128\xe5\x86\x86'"
2145,102,4267,1862,1,49,"b'8,208\xe5\x86\x86'"
2146,102,4078,1863,1,49,"b'6,600\xe5\x86\x86'"
2147,102,208,1864,1,49,"b'9,180\xe5\x86\x86'"
2148,102,2929,1865,1,55,"b'7,452\xe5\x86\x86'"
2149,102,2506,1866,1,49,"b'7,560\xe5\x86\x86'"
2150,102,173,1867,1,49,b'0\xe5\x86\x86'
2151,102,2719,1868,1,49,"b'8,964\xe5\x86\x86'"
2152,102,2606,1869,1,49,"b'8,640\xe5\x86\x86'"
2153,102,2606,1869,5,49,"b'10,800\xe5\x86\x86'"
2154,102,252,1870,1,55,"b'8,640\xe5\x86\x86'"
2155,102,4271,1871,1,49,"b'6,600\xe5\x86\x86'"
2156,102,1159,1872,1,49,"b'8,640\xe5\x86\x86'"
2157,102,4270,1873,1,55,"b'6,800\xe5\x86\x86'"
2158,102,2610,1874,1,49,"b'6,480\xe5\x86\x86'"
2159,102,4063,1875,1,49,"b'8,640\xe5\x86\x86'"
2160,102,1272,1876,1,55,"b'7,776\xe5\x86\x86'"
2161,102,254,1877,1,55,"b'6,480\xe5\x86\x86'"
2162,102,1098,1878,1,55,"b'7,776\xe5\x86\x86'"
2163,102,1098,1878,1,49,"b'7,776\xe5\x86\x86'"
2164,102,3778,1880,1,49,"b'7,776\xe5\x86\x86'"
2165,102,1155,1881,1,49,"b'6,372\xe5\x86\x86'"
2166,102,3390,1882,1,49,"b'6,480\xe5\x86\x86'"
2167,102,2331,1879,1,49,"b'8,640\xe5\x86\x86'"
2168,102,2331,1879,1,55,"b'7,560\xe5\x86\x86'"
2169,102,2531,1883,1,49,"b'8,640\xe5\x86\x86'"
2170,102,2964,1884,1,49,"b'6,804\xe5\x86\x86'"
2171,33,2958,1885,9,137,b'232\xe5\x86\x86'
2172,33,2902,1886,9,58,"b'4,324\xe5\x86\x86'"
2173,33,3998,1887,12,58,"b'8,888\xe5\x86\x86'"
2174,102,4263,1888,1,49,"b'4,960\xe5\x86\x86'"
2175,102,319,1889,1,49,"b'12,442\xe5\x86\x86'"
2176,102,1133,1890,1,49,"b'6,480\xe5\x86\x86'"
2177,102,4333,1891,1,49,"b'6,600 \xe5\x86\x86'"
2178,102,2968,1892,1,55,"b'5,832\xe5\x86\x86'"
2179,102,1130,1893,1,55,"b'7,128\xe5\x86\x86'"
2180,102,1089,1894,1,55,"b'6,480\xe5\x86\x86'"
2181,102,1089,1894,5,110,b'0\xe5\x86\x86'
2182,102,287,1895,1,55,"b'6,480\xe5\x86\x86'"
2183,102,4371,1896,1,55,"b'8,300\xe5\x86\x86'"
2184,102,2923,1897,1,49,"b'6,300\xe5\x86\x86'"
2185,102,247,1898,1,49,"b'13,480\xe5\x86\x86'"
2186,102,223,1899,1,55,"b'5,832\xe5\x86\x86'"
2187,102,1124,1900,1,49,"b'8,856\xe5\x86\x86'"
2188,102,1135,1901,1,49,"b'6,480\xe5\x86\x86'"
2189,102,1135,1901,1,55,"b'8,640\xe5\x86\x86'"
2190,102,211,1902,1,55,"b'7,776\xe5\x86\x86'"
2191,102,4083,1903,1,49,"b'5,832\xe5\x86\x86'"
2192,102,2989,1904,1,49,"b'8,640\xe5\x86\x86'"
2193,102,1119,1905,1,49,"b'8,640\xe5\x86\x86'"
2194,102,4266,1906,1,55,"b'5,800 \xe5\x86\x86'"
2195,102,4375,1907,1,55,"b'4,800\xe5\x86\x86'"
2196,102,2505,1908,1,55,"b'1,460\xe5\x86\x86'"
2197,102,2819,1909,1,55,"b'6,480\xe5\x86\x86'"
2198,102,4335,1910,1,55,"b'7,200 \xe5\x86\x86'"
2199,102,324,1912,1,49,"b'8,624\xe5\x86\x86'"
2200,102,276,1913,1,49,"b'8,000 \xe5\x86\x86'"
2201,102,1253,1914,1,49,"b'6,600\xe5\x86\x86'"
2202,102,2879,1915,1,49,"b'5,800\xe5\x86\x86'"
2203,102,1173,1916,1,55,"b'7,684\xe5\x86\x86'"
2204,102,2818,1917,1,55,"b'6,004 \xe5\x86\x86'"
2205,102,4370,1918,1,49,"b'4,800 \xe5\x86\x86'"
2206,102,162,1919,1,55,"b'6,080\xe5\x86\x86'"
2207,102,178,1920,2,49,"b'8,640\xe5\x86\x86'"
2208,102,321,1921,1,49,"b'3,040 \xe5\x86\x86'"
2209,102,244,1922,1,49,"b'11,060\xe5\x86\x86'"
2210,102,4003,1923,1,49,"b'6,480\xe5\x86\x86'"
2211,102,216,1924,1,49,"b'6,480\xe5\x86\x86'"
2212,102,2818,1917,1,55,"b'6,004\xe5\x86\x86'"
2213,102,2908,1925,1,55,"b'7,560\xe5\x86\x86'"
2214,102,2908,1925,1,49,"b'8,640\xe5\x86\x86'"
2215,102,174,1926,1,49,"b'6,480\xe5\x86\x86'"
2216,102,2647,1930,1,49,"b'8,640\xe5\x86\x86'"
2217,102,2802,1931,1,55,b'0\xe5\x86\x86'
2218,102,159,1932,1,49,b'0\xe5\x86\x86'
2219,102,203,1927,1,55,"b'7,560 \xe5\x86\x86'"
2220,102,4400,1933,1,55,"b'4,700\xe5\x86\x86'"
2221,102,288,1934,1,49,"b'8,000 \xe5\x86\x86'"
2222,102,4401,1935,1,49,"b'6,800\xe5\x86\x86'"
2223,102,1170,1936,1,49,"b'8,640\xe5\x86\x86'"
2224,102,1300,1937,1,55,"b'8,300\xe5\x86\x86'"
2225,102,1098,1938,1,49,b'756\xe5\x86\x86'
2226,102,4405,1939,1,55,"b'7,200\xe5\x86\x86'"
2227,102,4404,1940,1,49,"b'3,500 \xe5\x86\x86'"
2228,102,4374,1941,1,49,"b'6,300 \xe5\x86\x86'"
2229,102,271,1942,1,55,"b'7,776\xe5\x86\x86'"
2230,102,1189,1943,1,49,"b'6,480\xe5\x86\x86'"
2231,102,332,1944,1,49,"b'8,424\xe5\x86\x86'"
2232,102,3609,1945,1,55,"b'6,800 \xe5\x86\x86'"
2233,102,4387,1946,1,49,"b'4,800 \xe5\x86\x86'"
2234,102,4409,1947,1,49,"b'5,184\xe5\x86\x86'"
2235,102,4334,1948,1,49,"b'7,124\xe5\x86\x86'"
2236,102,3901,1949,1,49,"b'10,824\xe5\x86\x86'"
2237,102,4386,1950,1,49,"b'11,580 \xe5\x86\x86'"
2238,102,4365,1951,1,55,"b'4,300\xe5\x86\x86'"
2239,102,241,1952,1,49,"b'8,300 \xe5\x86\x86'"
